Sprite filename,X-coord,Y-coord,,
gfx\map\landscape\tree26.bmp,9861,2967,740,Tripolitania
gfx\map\landscape\tree15.bmp,9840,1953,372,Wurtemburg
gfx\map\landscape\tree13.bmp,9857,1961,372,Wurtemburg
gfx\map\landscape\tree12.bmp,9878,1952,372,Wurtemburg
gfx\map\landscape\tree11.bmp,9784,1932,373,Baden
gfx\map\landscape\tree12.bmp,9801,1932,373,Baden
gfx\map\landscape\tree13.bmp,9952,1843,348,Anspach
gfx\map\landscape\tree14.bmp,9972,1845,348,Anspach
gfx\map\landscape\tree10.bmp,9995,1845,348,Anspach
gfx\map\landscape\tree12.bmp,10189,1861,327,Ostmarch
gfx\map\landscape\tree13.bmp,10204,1855,327,Ostmarch
gfx\map\landscape\tree14.bmp,10176,1873,327,Ostmarch
gfx\map\landscape\tree13.bmp,10239,1828,315,Moravia
gfx\map\landscape\tree12.bmp,10252,1830,315,Moravia
gfx\map\landscape\tree2.bmp,10312,1773,315,Moravia
gfx\map\landscape\tree3.bmp,9867,1798,347,Thuringen
gfx\map\landscape\tree5.bmp,9878,1808,347,Thuringen
gfx\map\landscape\tree8.bmp,9901,1823,347,Thuringen
gfx\map\landscape\tree9.bmp,9857,1800,347,Thuringen
gfx\map\landscape\tree14.bmp,9885,1826,347,Thuringen
gfx\map\landscape\tree13.bmp,9809,1687,333,Hessen
gfx\map\landscape\tree15.bmp,9832,1681,333,Hessen
gfx\map\landscape\tree2.bmp,9830,1746,346,Mainz
gfx\map\landscape\tree5.bmp,10085,1637,312,Brandenburg
gfx\map\landscape\tree9.bmp,10108,1638,312,Brandenburg
gfx\map\landscape\tree8.bmp,10071,1637,312,Brandenburg
gfx\map\landscape\tree11.bmp,10152,1586,313,Kustrin
gfx\map\landscape\tree10.bmp,10221,1580,303,Western Prussia
gfx\map\landscape\tree12.bmp,10140,1593,313,Kustrin
gfx\map\landscape\tree12.bmp,10243,1593,303,Western Prussia
gfx\map\landscape\tree13.bmp,10163,1915,351,Austria
gfx\map\landscape\tree14.bmp,10172,1923,351,Austria
gfx\map\landscape\tree5.bmp,10151,1924,351,Austria
gfx\map\landscape\tree5.bmp,9664,1921,387,Franche Comte
gfx\map\landscape\tree14.bmp,9676,1928,387,Franche Comte
gfx\map\landscape\tree13.bmp,9656,1930,387,Franche Comte
gfx\map\landscape\trask02.bmp,10241,1459,302,Eastern Pommerania
gfx\map\landscape\trask01.bmp,10346,1452,301,Danzig
gfx\map\landscape\trask05.bmp,10002,2093,370,Venice
gfx\map\landscape\trask04.bmp,10020,2092,370,Venice
gfx\map\landscape\trask05.bmp,10003,2093,370,Venice
gfx\map\landscape\trask04.bmp,10457,1314,289,Memel
gfx\map\landscape\trask04.bmp,10206,1466,302,Eastern Pommerania
gfx\map\landscape\trask02.bmp,10241,1459,302,Eastern Pommerania
gfx\map\landscape\trask05.bmp,10452,1313,289,Memel
gfx\map\landscape\trask05.bmp,10020,1478,304,Western Pommerania
gfx\map\landscape\trask04.bmp,10036,1486,304,Western Pommerania
gfx\map\landscape\trask01.bmp,9776,1473,336,Bremen
gfx\map\landscape\trask03.bmp,9638,1584,338,Holland
gfx\map\landscape\trask05.bmp,9556,1602,340,Zeeland
gfx\map\landscape\trask04.bmp,9589,1626,341,Brabant
gfx\map\landscape\trask02.bmp,9636,1583,338,Holland
gfx\map\landscape\trask06.bmp,9992,2086,370,Venice
gfx\map\landscape\trask07.bmp,10023,2097,370,Venice
gfx\map\landscape\trask07.bmp,9586,1631,341,Brabant
gfx\map\landscape\trask08.bmp,9657,1569,338,Holland
gfx\map\landscape\trask09.bmp,9769,1464,336,Bremen
gfx\map\landscape\trask07.bmp,10056,1489,304,Western Pommerania
gfx\map\landscape\trask06.bmp,10191,1469,302,Eastern Pommerania
gfx\map\landscape\trask07.bmp,10340,1458,301,Danzig
gfx\map\landscape\trask07.bmp,10028,1481,304,Western Pommerania
gfx\map\landscape\trask06.bmp,10457,1318,289,Memel
gfx\map\landscape\bergsmooth13.bmp,9763,2449,397,Sardinia
gfx\map\landscape\bergsmooth06.bmp,9972,2334,400,Florence
gfx\map\landscape\bergsmooth11.bmp,10272,2668,394,Pouilles
gfx\map\landscape\bergsmooth07.bmp,10303,2527,394,Pouilles
gfx\map\landscape\bergsmooth06.bmp,10144,2807,395,Messina
gfx\map\landscape\bergsmooth08.bmp,10613,2680,360,Morea
gfx\map\landscape\bergsmooth13.bmp,10520,2436,361,Albania
gfx\map\landscape\bergsmooth06.bmp,10482,2429,361,Albania
gfx\map\landscape\tree13.bmp,9995,2391,399,Rome
gfx\map\landscape\tree12.bmp,10007,2394,399,Rome
gfx\map\landscape\tree14.bmp,9999,2401,399,Rome
gfx\map\landscape\tree14.bmp,10008,2422,399,Rome
gfx\map\landscape\bergsmooth03.bmp,8903,2670,444,Sierra Nevada
gfx\map\landscape\bergsmooth06.bmp,8781,2695,445,Gibraltar
gfx\map\landscape\bergsmooth09.bmp,8985,2517,439,Toledo
gfx\map\landscape\bergsmooth13.bmp,9079,2649,438,Murcia
gfx\map\landscape\bergsmooth03.bmp,8938,2456,436,Castille
gfx\map\landscape\bergsmooth04.bmp,8794,2535,440,Estramaduras
gfx\map\landscape\bergsmooth05.bmp,9059,2320,430,Aragon
gfx\map\landscape\bergsmooth10.bmp,8819,2165,433,Galicia
gfx\map\landscape\bergsmooth07.bmp,8869,2249,432,Asturia
gfx\map\landscape\bergsmooth06.bmp,8751,2212,433,Galicia
gfx\map\landscape\bergsmooth06.bmp,9237,2298,428,Euskadia
gfx\map\landscape\bergsmooth08.bmp,9375,2347,427,Gerona
gfx\map\landscape\bergsmooth11.bmp,9391,2353,427,Gerona
gfx\map\landscape\bergsmooth04.bmp,9616,2293,406,Provence
gfx\map\landscape\bergsmooth06.bmp,9788,2197,403,Genoa
gfx\map\landscape\bergsmooth06.bmp,9597,2210,407,Dauphine
gfx\map\landscape\bergsmooth11.bmp,9698,2242,404,Nice
gfx\map\landscape\bergsmooth13.bmp,9435,2176,421,Cevennes
gfx\map\landscape\bergsmooth06.bmp,9394,2088,420,Auvergne
gfx\map\landscape\bergsmooth03.bmp,9719,2049,388,Helvetia
gfx\map\landscape\bergsmooth08.bmp,9899,2062,371,Tyrol
gfx\map\landscape\bergsmooth11.bmp,9881,2072,371,Tyrol
gfx\map\landscape\bergsmooth11.bmp,10096,1963,350,Salzburg
gfx\map\landscape\bergsmooth07.bmp,10207,2133,367,Carinthia
gfx\map\landscape\bergsmooth04.bmp,10216,2272,365,Illyria
gfx\map\landscape\bergsmooth06.bmp,10196,2211,368,Istria
gfx\map\landscape\tree11.bmp,9322,2000,419,Limousin
gfx\map\landscape\tree10.bmp,9338,2009,419,Limousin
gfx\map\landscape\tree13.bmp,9186,1937,417,Vendee
gfx\map\landscape\tree14.bmp,9203,1943,417,Vendee
gfx\map\landscape\tree2.bmp,9344,1782,413,Normandie
gfx\map\landscape\trask01.bmp,9264,2035,418,Poitou
gfx\map\landscape\trask04.bmp,9246,2047,418,Poitou
gfx\map\landscape\waste01.bmp,9225,2050,418,Poitou
gfx\map\landscape\waste02.bmp,9234,2053,418,Poitou
gfx\map\landscape\waste02.bmp,9236,2034,418,Poitou
gfx\map\landscape\tree9.bmp,9757,1668,343,Kleves
gfx\map\landscape\tree8.bmp,9681,1734,377,Luxemburg
gfx\map\landscape\tree5.bmp,9674,1746,377,Luxemburg
gfx\map\landscape\bergsmooth11.bmp,10084,1817,330,Sudeten
gfx\map\landscape\bergsmooth07.bmp,10329,1825,316,Carpathia
gfx\map\landscape\bergsmooth04.bmp,10131,1681,329,Erz
gfx\map\landscape\bergsmooth04.bmp,10105,2014,369,Styria
gfx\map\landscape\tree15.bmp,10359,1746,299,Krakow
gfx\map\landscape\tree13.bmp,10377,1752,299,Krakow
gfx\map\landscape\tree14.bmp,10364,1761,299,Krakow
gfx\map\landscape\bergsmooth05.bmp,10410,2276,364,Bosnia
gfx\map\landscape\tree2.bmp,10427,1516,291,Mazovia
gfx\map\landscape\tree6.bmp,10413,1459,290,Eastern Prussia
gfx\map\landscape\tree8.bmp,10395,1462,290,Eastern Prussia
gfx\map\landscape\tree6.bmp,10499,1493,288,Lithuania
gfx\map\landscape\tree9.bmp,10519,1497,288,Lithuania
gfx\map\landscape\tree14.bmp,10537,1503,288,Lithuania
gfx\map\landscape\tree13.bmp,10572,1367,284,Belarus
gfx\map\landscape\tree12.bmp,10585,1371,284,Belarus
gfx\map\landscape\tree14.bmp,10576,1381,284,Belarus
gfx\map\landscape\tree13.bmp,10744,1323,284,Belarus
gfx\map\landscape\tree14.bmp,10760,1326,284,Belarus
gfx\map\landscape\tree11.bmp,10447,1234,283,Kurland
gfx\map\landscape\tree10.bmp,10480,1245,283,Kurland
gfx\map\landscape\trask03.bmp,10656,1631,293,Pripet
gfx\map\landscape\trask04.bmp,10666,1643,293,Pripet
gfx\map\landscape\trask05.bmp,10666,1649,293,Pripet
gfx\map\landscape\waste01.bmp,10631,1624,293,Pripet
gfx\map\landscape\bergsmooth10.bmp,10550,1991,323,Marozs
gfx\map\landscape\tree6.bmp,10466,1898,324,Transylvania
gfx\map\landscape\tree4.bmp,10482,1892,324,Transylvania
gfx\map\landscape\tree3.bmp,10474,1898,324,Transylvania
gfx\map\landscape\tree2.bmp,10501,2022,324,Transylvania
gfx\map\landscape\bergsmooth07.bmp,10633,1904,317,Ruthenia
gfx\map\landscape\bergsmooth04.bmp,10604,1991,323,Marozs
gfx\map\landscape\bergsmooth11.bmp,10475,2380,362,Raguse
gfx\map\landscape\bergsmooth10.bmp,10712,2323,356,Bulgaria
gfx\map\landscape\bergsmooth03.bmp,10647,2330,356,Bulgaria
gfx\map\landscape\tree11.bmp,10771,2296,321,Rumelia
gfx\map\landscape\tree12.bmp,10740,2288,321,Rumelia
gfx\map\landscape\tree13.bmp,10625,2213,322,Wallachia
gfx\map\landscape\tree14.bmp,10644,2217,322,Wallachia
gfx\map\landscape\tree16.bmp,10610,2205,322,Wallachia
gfx\map\landscape\tree14.bmp,10610,2215,322,Wallachia
gfx\map\landscape\tree12.bmp,10688,2068,318,Moldavia
gfx\map\landscape\tree10.bmp,10706,2076,318,Moldavia
gfx\map\landscape\tree10.bmp,10710,1877,318,Moldavia
gfx\map\landscape\trask03.bmp,10853,1971,319,Bug
gfx\map\landscape\trask05.bmp,10850,1963,319,Bug
gfx\map\landscape\trask06.bmp,10814,1976,319,Bug
gfx\map\landscape\trask07.bmp,10831,1969,319,Bug
gfx\map\landscape\trask07.bmp,10829,2107,320,Dobrudja
gfx\map\landscape\trask08.bmp,10793,2164,320,Dobrudja
gfx\map\landscape\tree6.bmp,10648,1287,281,Polotsk
gfx\map\landscape\tree3.bmp,10668,1293,281,Polotsk
gfx\map\landscape\tree2.bmp,10841,1321,280,Smolensk
gfx\map\landscape\tree6.bmp,10816,1333,280,Smolensk
gfx\map\landscape\tree8.bmp,10733,1149,277,Pskov
gfx\map\landscape\tree9.bmp,10840,1172,278,Welikia
gfx\map\landscape\tree5.bmp,10864,1177,278,Welikia
gfx\map\landscape\tree14.bmp,10747,1159,277,Pskov
gfx\map\landscape\tree14.bmp,10858,1332,280,Smolensk
gfx\map\landscape\tree13.bmp,10811,1016,274,Novgorod
gfx\map\landscape\tree12.bmp,10833,1005,274,Novgorod
gfx\map\landscape\tree10.bmp,10835,1032,274,Novgorod
gfx\map\landscape\tree10.bmp,10643,1081,276,Estonia
gfx\map\landscape\trask02.bmp,10745,1014,275,Ingermanland
gfx\map\landscape\trask01.bmp,10646,1144,282,Livonia
gfx\map\landscape\trask04.bmp,10627,1153,282,Livonia
gfx\map\landscape\trask07.bmp,10762,836,266,Karelia
gfx\map\landscape\trask06.bmp,10741,840,266,Karelia
gfx\map\landscape\trask08.bmp,10731,830,266,Karelia
gfx\map\landscape\waste05.bmp,10793,839,266,Karelia
gfx\map\landscape\waste06.bmp,10710,845,266,Karelia
gfx\map\landscape\waste04.bmp,10686,839,266,Karelia
gfx\map\landscape\waste04.bmp,10710,1015,275,Ingermanland
gfx\map\landscape\waste04.bmp,10671,1148,282,Livonia
gfx\map\landscape\tree2.bmp,10128,1290,252,Smaland
gfx\map\landscape\tree15.bmp,10071,1183,253,Vastergotland
gfx\map\landscape\tree14.bmp,10057,1195,253,Vastergotland
gfx\map\landscape\tree12.bmp,10187,1171,254,Svealand
gfx\map\landscape\tree10.bmp,10157,1161,254,Svealand
gfx\map\landscape\tree17.bmp,10059,1008,254,Svealand
gfx\map\landscape\tree18.bmp,10079,1018,254,Svealand
gfx\map\landscape\tree19.bmp,10267,988,254,Svealand
gfx\map\landscape\tree21.bmp,10248,997,254,Svealand
gfx\map\landscape\tree23.bmp,10191,957,257,Dalecarlia
gfx\map\landscape\tree22.bmp,10203,964,257,Dalecarlia
gfx\map\landscape\tree24.bmp,10221,966,257,Dalecarlia
gfx\map\landscape\tree18.bmp,10213,978,257,Dalecarlia
gfx\map\landscape\tree17.bmp,10156,628,257,Dalecarlia
gfx\map\landscape\tree18.bmp,10173,640,257,Dalecarlia
gfx\map\landscape\tree19.bmp,10141,653,257,Dalecarlia
gfx\map\landscape\tree20.bmp,10160,658,257,Dalecarlia
gfx\map\landscape\tree21.bmp,10173,673,257,Dalecarlia
gfx\map\landscape\tree21.bmp,10126,674,257,Dalecarlia
gfx\map\landscape\tree22.bmp,10137,678,257,Dalecarlia
gfx\map\landscape\tree24.bmp,10121,701,257,Dalecarlia
gfx\map\landscape\tree24.bmp,10192,636,257,Dalecarlia
gfx\map\landscape\tree23.bmp,10171,609,257,Dalecarlia
gfx\map\landscape\bergsmooth03.bmp,9971,916,255,Telemark
gfx\map\landscape\bergsmooth04.bmp,9975,859,256,Bergen
gfx\map\landscape\bergsmooth07.bmp,9890,922,255,Telemark
gfx\map\landscape\bergsmooth11.bmp,9916,843,256,Bergen
gfx\map\landscape\bergsmooth05.bmp,10017,714,258,Trondelag
gfx\map\landscape\tree17.bmp,10321,406,260,Lapland
gfx\map\landscape\tree18.bmp,10307,421,260,Lapland
gfx\map\landscape\bergsmooth07.bmp,10340,335,259,Narvik
gfx\map\landscape\tree19.bmp,10576,398,260,Lapland
gfx\map\landscape\tree20.bmp,10592,406,260,Lapland
gfx\map\landscape\tree21.bmp,10602,419,260,Lapland
gfx\map\landscape\tree21.bmp,10558,405,260,Lapland
gfx\map\landscape\tree20.bmp,10341,414,260,Lapland
gfx\map\landscape\bergsmooth05.bmp,10573,324,261,Kirkenes
gfx\map\landscape\bergsmooth09.bmp,10896,488,262,Finnmark
gfx\map\landscape\bergsmooth08.bmp,10795,477,262,Finnmark
gfx\map\landscape\bergsmooth13.bmp,10762,598,262,Finnmark
gfx\map\landscape\tree17.bmp,10597,546,263,Ostrobothnia
gfx\map\landscape\tree18.bmp,10577,551,263,Ostrobothnia
gfx\map\landscape\tree19.bmp,10442,748,264,Satakunta
gfx\map\landscape\tree20.bmp,10459,755,264,Satakunta
gfx\map\landscape\tree21.bmp,10448,756,264,Satakunta
gfx\map\landscape\tree22.bmp,10438,765,264,Satakunta
gfx\map\landscape\tree23.bmp,10423,771,264,Satakunta
gfx\map\landscape\tree24.bmp,10448,782,264,Satakunta
gfx\map\landscape\tree2.bmp,10494,963,265,Finland
gfx\map\landscape\tree19.bmp,10644,919,264,Satakunta
gfx\map\landscape\tree18.bmp,10623,924,264,Satakunta
gfx\map\landscape\tree18.bmp,11154,648,269,Arkhangelsk
gfx\map\landscape\tree17.bmp,11179,648,269,Arkhangelsk
gfx\map\landscape\tree18.bmp,10996,763,268,Vologda
gfx\map\landscape\tree21.bmp,11013,770,268,Vologda
gfx\map\landscape\tree20.bmp,11007,791,268,Vologda
gfx\map\landscape\tree21.bmp,10977,767,268,Vologda
gfx\map\landscape\tree23.bmp,10990,947,267,Twer
gfx\map\landscape\tree22.bmp,11005,943,267,Twer
gfx\map\landscape\tree24.bmp,10975,938,267,Twer
gfx\map\landscape\tree24.bmp,10922,774,267,Twer
gfx\map\landscape\tree23.bmp,10907,781,267,Twer
gfx\map\landscape\tree22.bmp,10917,795,267,Twer
gfx\map\landscape\tree21.bmp,10932,788,267,Twer
gfx\map\landscape\tree2.bmp,11022,1055,273,Tula
gfx\map\landscape\tree13.bmp,11044,1068,273,Tula
gfx\map\landscape\tree14.bmp,11064,1064,273,Tula
gfx\map\landscape\tree12.bmp,11086,1278,279,Orel
gfx\map\landscape\tree13.bmp,11108,1269,279,Orel
gfx\map\landscape\tree14.bmp,11092,1258,279,Orel
gfx\map\landscape\tree11.bmp,10897,1293,279,Orel
gfx\map\landscape\tree10.bmp,11261,1141,272,Ryazan
gfx\map\landscape\tree13.bmp,11288,1153,272,Ryazan
gfx\map\landscape\tree16.bmp,11036,976,270,Moscow
gfx\map\landscape\tree15.bmp,11054,987,270,Moscow
gfx\map\landscape\tree14.bmp,11028,990,270,Moscow
gfx\map\landscape\tree18.bmp,11111,838,270,Moscow
gfx\map\landscape\tree21.bmp,11129,846,270,Moscow
gfx\map\landscape\tree20.bmp,11092,844,270,Moscow
gfx\map\landscape\tree17.bmp,11351,694,271,Vladimir
gfx\map\landscape\tree18.bmp,11370,705,271,Vladimir
gfx\map\landscape\tree19.bmp,11337,722,271,Vladimir
gfx\map\landscape\tree20.bmp,11359,730,271,Vladimir
gfx\map\landscape\tree21.bmp,11381,740,271,Vladimir
gfx\map\landscape\tree22.bmp,11317,745,271,Vladimir
gfx\map\landscape\tree24.bmp,11307,775,271,Vladimir
gfx\map\landscape\tree22.bmp,11419,1055,271,Vladimir
gfx\map\landscape\tree22.bmp,11432,1054,271,Vladimir
gfx\map\landscape\tree24.bmp,11444,1062,271,Vladimir
gfx\map\landscape\tree22.bmp,11469,1049,271,Vladimir
gfx\map\landscape\tree21.bmp,11404,1044,271,Vladimir
gfx\map\landscape\tree20.bmp,11528,1091,446,Kazan
gfx\map\landscape\tree21.bmp,11540,1080,446,Kazan
gfx\map\landscape\tree23.bmp,11501,1093,446,Kazan
gfx\map\landscape\tree12.bmp,11500,1198,446,Kazan
gfx\map\landscape\tree13.bmp,11524,1202,446,Kazan
gfx\map\landscape\tree14.bmp,11509,1212,446,Kazan
gfx\map\landscape\tree18.bmp,11547,1052,446,Kazan
gfx\map\landscape\tree18.bmp,11516,1109,446,Kazan
gfx\map\landscape\tree19.bmp,11480,1098,446,Kazan
gfx\map\landscape\tree20.bmp,11497,1120,446,Kazan
gfx\map\landscape\tree2.bmp,11608,1579,454,Samara
gfx\map\landscape\tree16.bmp,11630,1569,454,Samara
gfx\map\landscape\tree14.bmp,11641,1576,454,Samara
gfx\map\landscape\tree13.bmp,11580,1569,454,Samara
gfx\map\landscape\tree11.bmp,11752,1512,454,Samara
gfx\map\landscape\tree10.bmp,11770,1486,454,Samara
gfx\map\landscape\tree10.bmp,10254,2193,366,Croatia
gfx\map\landscape\tree13.bmp,10502,2344,363,Kossovo
gfx\map\landscape\tree14.bmp,10523,2350,363,Kossovo
gfx\map\landscape\tree13.bmp,9170,2208,425,Adour
gfx\map\landscape\tree2.bmp,9198,2222,425,Adour
gfx\map\landscape\bergsmooth11.bmp,11181,2702,484,Cyprus
gfx\map\landscape\bergsmooth07.bmp,11137,2620,482,Cilicia
gfx\map\landscape\bergsmooth05.bmp,11060,2595,482,Cilicia
gfx\map\landscape\bergsmooth04.bmp,11222,2568,483,Adana
gfx\map\landscape\bergsmooth03.bmp,11378,2473,474,Encerlik
gfx\map\landscape\bergsmooth08.bmp,11252,2449,476,Angora
gfx\map\landscape\bergsmooth09.bmp,11197,2420,476,Angora
gfx\map\landscape\bergsmooth08.bmp,11253,2451,476,Angora
gfx\map\landscape\bergsmooth06.bmp,11334,2776,491,Lebanon
gfx\map\landscape\bergsmooth06.bmp,11319,2787,491,Lebanon
gfx\map\landscape\tree25.bmp,11522,2571,486,Nuyssaybin
gfx\map\landscape\tree27.bmp,11705,2816,488,Kirkuk
gfx\map\landscape\tree28.bmp,11734,2825,488,Kirkuk
gfx\map\landscape\tree29.bmp,11490,2851,488,Kirkuk
gfx\map\landscape\tree29.bmp,11118,3059,494,Sinai
gfx\map\landscape\tree30.bmp,11149,3067,494,Sinai
gfx\map\landscape\tree31.bmp,11167,3085,494,Sinai
gfx\map\landscape\tree26.bmp,11471,3103,496,Arabia
gfx\map\landscape\tree25.bmp,11472,3131,496,Arabia
gfx\map\landscape\tree31.bmp,11335,3361,496,Arabia
gfx\map\landscape\tree31.bmp,10744,3153,742,Quattara
gfx\map\landscape\tree30.bmp,10724,3157,742,Quattara
gfx\map\landscape\trask05.bmp,10950,3049,745,Delta
gfx\map\landscape\tree25.bmp,10290,3149,741,Cyrenaica
gfx\map\landscape\tree27.bmp,10497,3047,741,Cyrenaica
gfx\map\landscape\tree28.bmp,9883,2974,740,Tripolitania
gfx\map\landscape\tree29.bmp,9874,2985,740,Tripolitania
gfx\map\landscape\bergsmooth10.bmp,9302,2844,736,Aures
gfx\map\landscape\bergsmooth07.bmp,9388,2857,736,Aures
gfx\map\landscape\bergsmooth04.bmp,9113,2924,735,Atlas
gfx\map\landscape\bergsmooth03.bmp,8770,3096,806,Toubkal
gfx\map\landscape\bergsmooth06.bmp,8787,3110,806,Toubkal
gfx\map\landscape\tree27.bmp,8658,3282,805,Sahara
gfx\map\landscape\tree28.bmp,8686,3280,805,Sahara
gfx\map\landscape\tree26.bmp,8677,3294,805,Sahara
gfx\map\landscape\tree25.bmp,8531,3442,804,Tassaret
gfx\map\landscape\tree31.bmp,8416,3611,803,Nouadibuh
gfx\map\landscape\tree30.bmp,8437,3617,803,Nouadibuh
gfx\map\landscape\tree27.bmp,8378,3786,802,Nouakchott
gfx\map\landscape\tree27.bmp,8520,4280,798,Gambia
gfx\map\landscape\tree26.bmp,8535,4288,798,Gambia
gfx\map\landscape\tree28.bmp,8502,4295,798,Gambia
gfx\map\landscape\tree29.bmp,8491,4300,798,Gambia
gfx\map\landscape\tree30.bmp,8520,4302,798,Gambia
gfx\map\landscape\tree31.bmp,8548,4317,798,Gambia
gfx\map\landscape\tree28.bmp,8901,4535,796,Guinea
gfx\map\landscape\tree27.bmp,8883,4542,796,Guinea
gfx\map\landscape\tree26.bmp,8860,4535,796,Guinea
gfx\map\landscape\tree25.bmp,8958,4540,795,Leone
gfx\map\landscape\tree29.bmp,8973,4554,795,Leone
gfx\map\landscape\tree30.bmp,8992,4546,795,Leone
gfx\map\landscape\tree31.bmp,9002,4526,795,Leone
gfx\map\landscape\tree31.bmp,8830,4541,796,Guinea
gfx\map\landscape\trask02.bmp,8603,4433,797,Casamance
gfx\map\landscape\trask01.bmp,8636,4441,797,Casamance
gfx\map\landscape\trask04.bmp,8594,4448,797,Casamance
gfx\map\landscape\trask05.bmp,9262,4479,794,Palanas
gfx\map\landscape\trask04.bmp,9282,4488,794,Palanas
gfx\map\landscape\trask02.bmp,9453,4496,793,Ivoria
gfx\map\landscape\trask04.bmp,9741,4589,791,Nigeria
gfx\map\landscape\waste01.bmp,9727,4593,791,Nigeria
gfx\map\landscape\waste02.bmp,9738,4594,791,Nigeria
gfx\map\landscape\waste04.bmp,9715,4593,791,Nigeria
gfx\map\landscape\waste04.bmp,9746,4592,791,Nigeria
gfx\map\landscape\waste06.bmp,9755,4594,791,Nigeria
gfx\map\landscape\trask06.bmp,9699,4590,791,Nigeria
gfx\map\landscape\trask07.bmp,9672,4597,791,Nigeria
gfx\map\landscape\tree25.bmp,9835,4812,790,Douala
gfx\map\landscape\tree26.bmp,9860,4820,790,Douala
gfx\map\landscape\tree27.bmp,9812,4814,790,Douala
gfx\map\landscape\tree29.bmp,9837,4797,790,Douala
gfx\map\landscape\tree30.bmp,9791,4851,789,Kribi
gfx\map\landscape\tree31.bmp,9811,4861,789,Kribi
gfx\map\landscape\tree28.bmp,9828,4866,789,Kribi
gfx\map\landscape\tree27.bmp,9817,4879,789,Kribi
gfx\map\landscape\tree25.bmp,9787,4888,789,Kribi
gfx\map\landscape\tree26.bmp,9969,5278,787,Mayumba
gfx\map\landscape\tree27.bmp,9986,5259,787,Mayumba
gfx\map\landscape\tree28.bmp,10011,5263,787,Mayumba
gfx\map\landscape\tree29.bmp,10000,5271,787,Mayumba
gfx\map\landscape\tree28.bmp,9988,5284,787,Mayumba
gfx\map\landscape\tree27.bmp,9983,5296,787,Mayumba
gfx\map\landscape\tree25.bmp,10012,5287,787,Mayumba
gfx\map\landscape\trask01.bmp,9876,5092,788,Muni
gfx\map\landscape\trask03.bmp,9902,5102,788,Muni
gfx\map\landscape\trask04.bmp,9917,5115,788,Muni
gfx\map\landscape\trask05.bmp,9916,5094,788,Muni
gfx\map\landscape\tree31.bmp,10016,5567,786,Cabinda
gfx\map\landscape\tree30.bmp,10032,5571,786,Cabinda
gfx\map\landscape\tree29.bmp,10047,5558,786,Cabinda
gfx\map\landscape\tree29.bmp,9986,5628,786,Cabinda
gfx\map\landscape\tree28.bmp,10002,5631,786,Cabinda
gfx\map\landscape\tree27.bmp,10020,5627,786,Cabinda
gfx\map\landscape\tree26.bmp,10026,5639,786,Cabinda
gfx\map\landscape\tree25.bmp,10044,5611,786,Cabinda
gfx\map\landscape\trask04.bmp,9949,5785,785,Zaire
gfx\map\landscape\waste01.bmp,9972,5780,785,Zaire
gfx\map\landscape\waste02.bmp,9934,5783,785,Zaire
gfx\map\landscape\waste04.bmp,9953,5790,785,Zaire
gfx\map\landscape\tree9.bmp,10022,6197,783,Lobito
gfx\map\landscape\tree8.bmp,10042,6184,783,Lobito
gfx\map\landscape\tree5.bmp,10051,6155,783,Lobito
gfx\map\landscape\tree30.bmp,9902,5872,784,Luanda
gfx\map\landscape\tree29.bmp,9927,5882,784,Luanda
gfx\map\landscape\tree28.bmp,9983,5980,784,Luanda
gfx\map\landscape\tree27.bmp,10192,6717,780,Damara
gfx\map\landscape\tree25.bmp,10215,6849,779,Namaqua
gfx\map\landscape\bergsmooth04.bmp,10638,6867,775,Ciskei
gfx\map\landscape\tree15.bmp,10735,6826,774,Transkei
gfx\map\landscape\tree13.bmp,10752,6836,774,Transkei
gfx\map\landscape\tree12.bmp,10735,6847,774,Transkei
gfx\map\landscape\tree11.bmp,10874,6679,773,Natal
gfx\map\landscape\tree14.bmp,10892,6686,773,Natal
gfx\map\landscape\tree15.bmp,10903,6675,773,Natal
gfx\map\landscape\tree14.bmp,10873,6689,773,Natal
gfx\map\landscape\trask02.bmp,10993,6481,772,Inhambane
gfx\map\landscape\trask01.bmp,11005,6473,772,Inhambane
gfx\map\landscape\trask03.bmp,10998,6493,772,Inhambane
gfx\map\landscape\trask03.bmp,11155,6157,771,Zambezia
gfx\map\landscape\trask05.bmp,11150,6148,771,Zambezia
gfx\map\landscape\trask07.bmp,11177,5960,770,Nampuia
gfx\map\landscape\trask06.bmp,11198,5964,770,Nampuia
gfx\map\landscape\waste06.bmp,11171,5970,770,Nampuia
gfx\map\landscape\trask08.bmp,11284,5942,769,Niassa
gfx\map\landscape\trask07.bmp,11292,5939,769,Niassa
gfx\map\landscape\trask06.bmp,11322,5934,769,Niassa
gfx\map\landscape\tree30.bmp,11946,5781,807,Ambovombe
gfx\map\landscape\tree31.bmp,11954,5799,807,Ambovombe
gfx\map\landscape\tree29.bmp,11961,5771,807,Ambovombe
gfx\map\landscape\tree28.bmp,11969,5794,807,Ambovombe
gfx\map\landscape\tree27.bmp,11972,5815,807,Ambovombe
gfx\map\landscape\tree25.bmp,11994,5829,807,Ambovombe
gfx\map\landscape\tree25.bmp,11888,6237,808,Antsirana
gfx\map\landscape\tree26.bmp,11869,6249,808,Antsirana
gfx\map\landscape\tree27.bmp,11898,6254,808,Antsirana
gfx\map\landscape\tree28.bmp,11881,6271,808,Antsirana
gfx\map\landscape\tree29.bmp,11854,6262,808,Antsirana
gfx\map\landscape\tree30.bmp,11884,6297,808,Antsirana
gfx\map\landscape\tree31.bmp,11897,6283,808,Antsirana
gfx\map\landscape\tree25.bmp,11870,6314,808,Antsirana
gfx\map\landscape\tree25.bmp,11377,5867,768,Mtawa
gfx\map\landscape\tree26.bmp,11359,5875,768,Mtawa
gfx\map\landscape\tree27.bmp,11378,5875,768,Mtawa
gfx\map\landscape\tree29.bmp,11495,5722,767,Lindi
gfx\map\landscape\tree28.bmp,11506,5715,767,Lindi
gfx\map\landscape\tree27.bmp,11516,5728,767,Lindi
gfx\map\landscape\tree26.bmp,11490,5690,767,Lindi
gfx\map\landscape\tree26.bmp,11428,5496,766,Rufiji
gfx\map\landscape\tree25.bmp,11462,5503,766,Rufiji
gfx\map\landscape\tree27.bmp,11500,5502,766,Rufiji
gfx\map\landscape\tree28.bmp,11437,5522,766,Rufiji
gfx\map\landscape\tree29.bmp,11518,5515,766,Rufiji
gfx\map\landscape\tree29.bmp,11480,5505,766,Rufiji
gfx\map\landscape\tree28.bmp,11414,5507,766,Rufiji
gfx\map\landscape\tree27.bmp,11404,5480,766,Rufiji
gfx\map\landscape\tree31.bmp,11490,5509,766,Rufiji
gfx\map\landscape\tree30.bmp,11460,5516,766,Rufiji
gfx\map\landscape\tree30.bmp,11392,5186,764,Tanga
gfx\map\landscape\tree31.bmp,11415,5191,764,Tanga
gfx\map\landscape\tree29.bmp,11379,5203,764,Tanga
gfx\map\landscape\tree28.bmp,11397,5208,764,Tanga
gfx\map\landscape\tree27.bmp,11385,5232,764,Tanga
gfx\map\landscape\tree26.bmp,11402,5165,764,Tanga
gfx\map\landscape\tree26.bmp,11520,4980,763,Mombasa
gfx\map\landscape\tree25.bmp,11519,5011,763,Mombasa
gfx\map\landscape\tree27.bmp,11493,5030,763,Mombasa
gfx\map\landscape\tree28.bmp,11540,5029,763,Mombasa
gfx\map\landscape\tree29.bmp,11528,5035,763,Mombasa
gfx\map\landscape\tree30.bmp,11526,4993,763,Mombasa
gfx\map\landscape\tree31.bmp,11878,4619,760,Mogadiscio
gfx\map\landscape\tree29.bmp,11892,4597,760,Mogadiscio
gfx\map\landscape\tree28.bmp,12000,4544,759,Mudugh
gfx\map\landscape\tree27.bmp,11959,4291,757,Somalia
gfx\map\landscape\tree26.bmp,12022,4533,759,Mudugh
gfx\map\landscape\tree25.bmp,11896,4529,758,Ogaden
gfx\map\landscape\bergsmooth11.bmp,11783,4351,755,Afars
gfx\map\landscape\bergsmooth07.bmp,11858,4364,755,Afars
gfx\map\landscape\bergsmooth03.bmp,11693,4325,754,Issas
gfx\map\landscape\bergsmooth08.bmp,11552,4163,753,Keren
gfx\map\landscape\bergsmooth09.bmp,11844,4080,500,Aden
gfx\map\landscape\bergsmooth13.bmp,11764,4085,500,Aden
gfx\map\landscape\bergsmooth11.bmp,11546,4178,753,Keren
gfx\map\landscape\tree29.bmp,11419,4016,752,Massawa
gfx\map\landscape\tree28.bmp,11430,4029,752,Massawa
gfx\map\landscape\tree27.bmp,11465,3628,498,Mekkah
gfx\map\landscape\bergsmooth11.bmp,11736,3891,499,Yemen
gfx\map\landscape\bergsmooth04.bmp,11695,3916,499,Yemen
gfx\map\landscape\tree25.bmp,11337,3829,751,Bisharin
gfx\map\landscape\tree26.bmp,11487,3528,497,Tabuk
gfx\map\landscape\tree28.bmp,11497,3537,497,Tabuk
gfx\map\landscape\tree28.bmp,10981,3584,748,Khartoum
gfx\map\landscape\tree29.bmp,10997,3592,748,Khartoum
gfx\map\landscape\tree30.bmp,11164,3536,750,Banas
gfx\map\landscape\tree31.bmp,11187,3536,750,Banas
gfx\map\landscape\tree29.bmp,11175,3547,750,Banas
gfx\map\landscape\tree29.bmp,11069,3396,749,Hurgadah
gfx\map\landscape\tree27.bmp,11084,3395,749,Hurgadah
gfx\map\landscape\tree27.bmp,12078,3999,501,Hadramut
gfx\map\landscape\tree26.bmp,12304,3870,503,Masirah
gfx\map\landscape\tree25.bmp,12321,3883,503,Masirah
gfx\map\landscape\bergsmooth13.bmp,12169,3960,502,Dofhar
gfx\map\landscape\bergsmooth08.bmp,12136,3964,502,Dofhar
gfx\map\landscape\bergsmooth11.bmp,12134,3980,502,Dofhar
gfx\map\landscape\bergsmooth11.bmp,12441,3684,504,Mascate
gfx\map\landscape\bergsmooth06.bmp,12487,3687,504,Mascate
gfx\map\landscape\bergsmooth09.bmp,12362,3527,505,Al Kharam
gfx\map\landscape\bergsmooth08.bmp,12295,3529,505,Al Kharam
gfx\map\landscape\bergsmooth06.bmp,12336,3537,505,Al Kharam
gfx\map\landscape\tree29.bmp,12155,3537,506,Quatar
gfx\map\landscape\tree28.bmp,12172,3531,506,Quatar
gfx\map\landscape\tree27.bmp,11947,3310,507,Damman
gfx\map\landscape\tree25.bmp,11805,3117,508,Basrah
gfx\map\landscape\tree26.bmp,11798,3140,508,Basrah
gfx\map\landscape\tree27.bmp,11819,3169,508,Basrah
gfx\map\landscape\bergsmooth10.bmp,11077,2054,464,Kaffa
gfx\map\landscape\trask06.bmp,11226,2025,465,Kerch
gfx\map\landscape\trask07.bmp,11231,2020,465,Kerch
gfx\map\landscape\bergsmooth10.bmp,11299,2050,469,Sochi
gfx\map\landscape\bergsmooth07.bmp,11374,2077,469,Sochi
gfx\map\landscape\bergsmooth05.bmp,11541,2109,470,Georgia
gfx\map\landscape\bergsmooth08.bmp,11528,2265,472,Armenia
gfx\map\landscape\bergsmooth13.bmp,11562,2257,472,Armenia
gfx\map\landscape\bergsmooth13.bmp,11207,2441,476,Angora
gfx\map\landscape\bergsmooth06.bmp,11606,2459,473,Kurdistan
gfx\map\landscape\bergsmooth07.bmp,11562,2440,473,Kurdistan
gfx\map\landscape\bergsmooth09.bmp,11699,2605,487,Kars
gfx\map\landscape\bergsmooth08.bmp,11646,2612,487,Kars
gfx\map\landscape\bergsmooth06.bmp,11676,2624,487,Kars
gfx\map\landscape\bergsmooth13.bmp,11645,2644,487,Kars
gfx\map\landscape\bergsmooth03.bmp,11870,2743,530,Tabriz
gfx\map\landscape\bergsmooth07.bmp,11861,2992,531,Hamad
gfx\map\landscape\bergsmooth11.bmp,11863,3005,531,Hamad
gfx\map\landscape\bergsmooth05.bmp,12155,2749,525,Elbruz
gfx\map\landscape\bergsmooth04.bmp,12059,2937,529,Persis
gfx\map\landscape\bergsmooth06.bmp,12091,2942,529,Persis
gfx\map\landscape\bergsmooth08.bmp,12082,2958,529,Persis
gfx\map\landscape\bergsmooth13.bmp,12287,3306,534,Baltuch
gfx\map\landscape\bergsmooth08.bmp,12250,3279,534,Baltuch
gfx\map\landscape\bergsmooth06.bmp,12130,3186,533,Isfahan
gfx\map\landscape\bergsmooth13.bmp,12102,3167,533,Isfahan
gfx\map\landscape\bergsmooth06.bmp,12359,3251,535,Hormouz
gfx\map\landscape\bergsmooth03.bmp,12284,3086,535,Hormouz
gfx\map\landscape\bergsmooth06.bmp,12282,3033,527,Kerman
gfx\map\landscape\bergsmooth08.bmp,12318,3020,527,Kerman
gfx\map\landscape\bergsmooth09.bmp,12278,2832,526,Meched
gfx\map\landscape\bergsmooth03.bmp,12509,3306,536,Mekran
gfx\map\landscape\bergsmooth06.bmp,12524,3319,536,Mekran
gfx\map\landscape\bergsmooth08.bmp,12504,3330,536,Mekran
gfx\map\landscape\bergsmooth06.bmp,12537,3340,536,Mekran
gfx\map\landscape\tree28.bmp,12649,3261,537,Baluchistan
gfx\map\landscape\tree29.bmp,12668,3267,537,Baluchistan
gfx\map\landscape\tree27.bmp,12886,3267,538,Kalat
gfx\map\landscape\tree26.bmp,13098,3454,540,Thar
gfx\map\landscape\tree25.bmp,13326,3427,542,Jaipur
gfx\map\landscape\tree30.bmp,13301,3530,547,Cambay
gfx\map\landscape\tree31.bmp,13670,3316,545,Madhya
gfx\map\landscape\tree30.bmp,13691,3320,545,Madhya
gfx\map\landscape\bergsmooth07.bmp,13509,3561,546,Aurangabad
gfx\map\landscape\bergsmooth05.bmp,13435,3558,546,Aurangabad
gfx\map\landscape\tree26.bmp,12143,2824,528,Lut
gfx\map\landscape\tree29.bmp,12158,2829,528,Lut
gfx\map\landscape\tree26.bmp,13451,3656,551,Nagpur
gfx\map\landscape\tree25.bmp,13476,3657,551,Nagpur
gfx\map\landscape\tree27.bmp,13492,3668,551,Nagpur
gfx\map\landscape\tree29.bmp,13510,3673,551,Nagpur
gfx\map\landscape\tree30.bmp,13531,3684,551,Nagpur
gfx\map\landscape\tree30.bmp,13401,3812,549,Goa
gfx\map\landscape\tree31.bmp,13423,3818,549,Goa
gfx\map\landscape\tree28.bmp,13435,3837,549,Goa
gfx\map\landscape\bergsmooth11.bmp,13489,3871,550,Deccan
gfx\map\landscape\bergsmooth07.bmp,13777,3787,563,Madya Pradesh
gfx\map\landscape\bergsmooth04.bmp,13639,3878,566,Hyderabad
gfx\map\landscape\bergsmooth03.bmp,13581,3966,567,Bangalore
gfx\map\landscape\bergsmooth06.bmp,13519,3861,550,Deccan
gfx\map\landscape\bergsmooth08.bmp,13497,3867,550,Deccan
gfx\map\landscape\bergsmooth08.bmp,13643,4119,570,Mysore
gfx\map\landscape\bergsmooth13.bmp,13606,4134,570,Mysore
gfx\map\landscape\bergsmooth06.bmp,13635,4133,570,Mysore
gfx\map\landscape\tree25.bmp,13491,3985,568,Mangalore
gfx\map\landscape\tree26.bmp,13504,3996,568,Mangalore
gfx\map\landscape\tree27.bmp,13508,4010,568,Mangalore
gfx\map\landscape\tree27.bmp,13504,4092,569,Mahe
gfx\map\landscape\tree28.bmp,13510,4102,569,Mahe
gfx\map\landscape\tree29.bmp,13522,4108,569,Mahe
gfx\map\landscape\tree29.bmp,13596,4183,573,Cochin
gfx\map\landscape\tree30.bmp,13614,4182,573,Cochin
gfx\map\landscape\tree31.bmp,13630,4189,573,Cochin
gfx\map\landscape\tree31.bmp,13654,4291,575,Madurai
gfx\map\landscape\tree30.bmp,13650,4305,575,Madurai
gfx\map\landscape\tree29.bmp,13647,4320,575,Madurai
gfx\map\landscape\tree28.bmp,13661,4310,575,Madurai
gfx\map\landscape\tree28.bmp,13610,4320,574,Trivandrum
gfx\map\landscape\tree27.bmp,13606,4335,574,Trivandrum
gfx\map\landscape\tree26.bmp,13606,4349,574,Trivandrum
gfx\map\landscape\tree26.bmp,13727,4113,572,Pondicherry
gfx\map\landscape\tree25.bmp,13724,4133,572,Pondicherry
gfx\map\landscape\tree27.bmp,13710,4144,572,Pondicherry
gfx\map\landscape\tree27.bmp,13735,3954,571,Madras
gfx\map\landscape\tree28.bmp,13720,3966,571,Madras
gfx\map\landscape\tree29.bmp,13715,3976,571,Madras
gfx\map\landscape\tree29.bmp,13806,3828,565,Yanam
gfx\map\landscape\tree28.bmp,13792,3835,565,Yanam
gfx\map\landscape\tree30.bmp,13780,3840,565,Yanam
gfx\map\landscape\tree30.bmp,13950,3747,564,Parlakimedi
gfx\map\landscape\tree31.bmp,13931,3740,564,Parlakimedi
gfx\map\landscape\tree31.bmp,13944,3663,561,Berhampur
gfx\map\landscape\tree30.bmp,13962,3670,561,Berhampur
gfx\map\landscape\tree28.bmp,13931,3672,561,Berhampur
gfx\map\landscape\tree27.bmp,13945,3680,561,Berhampur
gfx\map\landscape\trask02.bmp,14183,3496,558,Howrah
gfx\map\landscape\trask03.bmp,14206,3505,558,Howrah
gfx\map\landscape\trask04.bmp,14182,3517,558,Howrah
gfx\map\landscape\trask05.bmp,14280,3555,557,Ganges
gfx\map\landscape\trask04.bmp,14310,3425,556,Santal
gfx\map\landscape\trask05.bmp,14328,3432,556,Santal
gfx\map\landscape\waste02.bmp,14295,3434,556,Santal
gfx\map\landscape\waste03.bmp,14306,3428,556,Santal
gfx\map\landscape\waste04.bmp,14292,3416,556,Santal
gfx\map\landscape\waste05.bmp,14329,3439,556,Santal
gfx\map\landscape\waste06.bmp,14351,3425,556,Santal
gfx\map\landscape\waste06.bmp,14162,3508,558,Howrah
gfx\map\landscape\trask06.bmp,14425,3643,556,Santal
gfx\map\landscape\trask07.bmp,14478,3612,671,Chin
gfx\map\landscape\trask08.bmp,14496,3616,671,Chin
gfx\map\landscape\trask09.bmp,14588,3802,672,Tarakan
gfx\map\landscape\trask07.bmp,14602,3808,672,Tarakan
gfx\map\landscape\trask06.bmp,14574,3806,672,Tarakan
gfx\map\landscape\waste06.bmp,14603,3800,672,Tarakan
gfx\map\landscape\waste05.bmp,14570,3786,672,Tarakan
gfx\map\landscape\waste04.bmp,14550,3799,672,Tarakan
gfx\map\landscape\waste03.bmp,14553,3812,672,Tarakan
gfx\map\landscape\waste02.bmp,14591,3943,673,Irrawady
gfx\map\landscape\waste01.bmp,14605,3940,673,Irrawady
gfx\map\landscape\trask05.bmp,14577,3939,673,Irrawady
gfx\map\landscape\trask04.bmp,14613,3939,673,Irrawady
gfx\map\landscape\trask01.bmp,14618,3936,673,Irrawady
gfx\map\landscape\tree30.bmp,14744,3919,674,Kwai
gfx\map\landscape\tree31.bmp,14763,3920,674,Kwai
gfx\map\landscape\tree29.bmp,14755,3933,674,Kwai
gfx\map\landscape\tree28.bmp,14784,3920,674,Kwai
gfx\map\landscape\tree27.bmp,14826,4109,675,Phuket
gfx\map\landscape\tree26.bmp,14838,4121,675,Phuket
gfx\map\landscape\tree25.bmp,14855,4127,675,Phuket
gfx\map\landscape\tree27.bmp,14849,4432,676,Kuala Lumpur
gfx\map\landscape\tree29.bmp,14860,4436,676,Kuala Lumpur
gfx\map\landscape\tree30.bmp,14867,4444,676,Kuala Lumpur
gfx\map\landscape\tree30.bmp,14976,4571,677,Malacca
gfx\map\landscape\tree31.bmp,14989,4585,677,Malacca
gfx\map\landscape\tree29.bmp,14976,4592,677,Malacca
gfx\map\landscape\tree27.bmp,15007,4598,677,Malacca
gfx\map\landscape\tree27.bmp,14680,4612,679,Ajeh
gfx\map\landscape\tree28.bmp,14700,4623,679,Ajeh
gfx\map\landscape\tree29.bmp,14693,4627,679,Ajeh
gfx\map\landscape\tree29.bmp,14929,4898,680,Riau
gfx\map\landscape\tree30.bmp,14944,4906,680,Riau
gfx\map\landscape\tree31.bmp,14993,4833,680,Riau
gfx\map\landscape\tree27.bmp,14982,4844,680,Riau
gfx\map\landscape\tree26.bmp,14983,4855,680,Riau
gfx\map\landscape\tree26.bmp,14917,4880,680,Riau
gfx\map\landscape\tree26.bmp,14961,4895,680,Riau
gfx\map\landscape\tree25.bmp,14969,4867,680,Riau
gfx\map\landscape\tree25.bmp,15073,5065,681,Jambi
gfx\map\landscape\tree26.bmp,15080,5071,681,Jambi
gfx\map\landscape\tree27.bmp,15083,5082,681,Jambi
gfx\map\landscape\tree27.bmp,15099,5046,681,Jambi
gfx\map\landscape\tree29.bmp,15101,5065,681,Jambi
gfx\map\landscape\waste06.bmp,13864,3465,553,Bilaspur
gfx\map\landscape\waste05.bmp,13818,3493,553,Bilaspur
gfx\map\landscape\trask06.bmp,15175,5155,682,Palembang
gfx\map\landscape\waste06.bmp,15147,5159,682,Palembang
gfx\map\landscape\trask07.bmp,15202,5150,682,Palembang
gfx\map\landscape\trask08.bmp,15193,5158,682,Palembang
gfx\map\landscape\trask09.bmp,15366,5242,702,Jakarta
gfx\map\landscape\waste06.bmp,15386,5242,702,Jakarta
gfx\map\landscape\tree30.bmp,15276,5251,701,Sunda
gfx\map\landscape\tree29.bmp,15294,5257,701,Sunda
gfx\map\landscape\tree28.bmp,15307,5263,701,Sunda
gfx\map\landscape\bergsmooth11.bmp,15430,5263,703,Bandung
gfx\map\landscape\bergsmooth11.bmp,15711,5311,704,Surabaja
gfx\map\landscape\bergsmooth10.bmp,15676,5300,704,Surabaja
gfx\map\landscape\tree30.bmp,15478,4796,697,Sarawak
gfx\map\landscape\tree29.bmp,15499,4797,697,Sarawak
gfx\map\landscape\tree28.bmp,15487,4810,697,Sarawak
gfx\map\landscape\tree27.bmp,15467,4811,697,Sarawak
gfx\map\landscape\tree27.bmp,15658,4754,696,Brunei
gfx\map\landscape\tree29.bmp,15674,4757,696,Brunei
gfx\map\landscape\tree30.bmp,15691,4752,696,Brunei
gfx\map\landscape\trask01.bmp,15646,4991,698,Bandjarmasin
gfx\map\landscape\trask04.bmp,15609,4995,698,Bandjarmasin
gfx\map\landscape\trask05.bmp,15780,4982,699,Selatan
gfx\map\landscape\waste01.bmp,15804,4979,699,Selatan
gfx\map\landscape\waste02.bmp,15790,4977,699,Selatan
gfx\map\landscape\waste03.bmp,15751,4988,699,Selatan
gfx\map\landscape\waste06.bmp,15905,4784,700,Kalimantan
gfx\map\landscape\trask05.bmp,15924,4790,700,Kalimantan
gfx\map\landscape\trask04.bmp,15922,4797,700,Kalimantan
gfx\map\landscape\bergsmooth07.bmp,15919,4605,695,Sabah
gfx\map\landscape\trask02.bmp,16192,5113,709,Salabanka
gfx\map\landscape\trask01.bmp,16024,5048,708,Makassar
gfx\map\landscape\trask03.bmp,16045,5056,708,Makassar
gfx\map\landscape\tree28.bmp,16051,5013,707,Sulawesi
gfx\map\landscape\tree29.bmp,16063,5017,707,Sulawesi
gfx\map\landscape\tree30.bmp,16078,5023,707,Sulawesi
gfx\map\landscape\tree31.bmp,16098,5021,707,Sulawesi
gfx\map\landscape\tree31.bmp,16108,4831,706,Manado
gfx\map\landscape\tree30.bmp,16126,4834,706,Manado
gfx\map\landscape\tree29.bmp,16151,4834,706,Manado
gfx\map\landscape\tree29.bmp,15077,4728,678,Singapore
gfx\map\landscape\tree30.bmp,15069,4741,678,Singapore
gfx\map\landscape\tree30.bmp,16415,5017,714,Buru
gfx\map\landscape\tree31.bmp,16554,5017,715,Ceram
gfx\map\landscape\tree30.bmp,16514,4845,713,Tindore
gfx\map\landscape\trask03.bmp,17238,5262,717,Kalepam
gfx\map\landscape\trask04.bmp,17229,5254,717,Kalepam
gfx\map\landscape\trask05.bmp,17196,5260,717,Kalepam
gfx\map\landscape\tree30.bmp,17617,5203,718,Wewak
gfx\map\landscape\tree29.bmp,17599,5208,718,Wewak
gfx\map\landscape\tree29.bmp,16294,5418,712,Timor
gfx\map\landscape\tree30.bmp,16310,5414,712,Timor
gfx\map\landscape\tree30.bmp,16114,5350,711,Flores
gfx\map\landscape\tree31.bmp,16133,5350,711,Flores
gfx\map\landscape\tree31.bmp,16033,5415,710,Sumbawa
gfx\map\landscape\trask01.bmp,15909,5358,705,Bali
gfx\map\landscape\trask05.bmp,15986,5347,710,Sumbawa
gfx\map\landscape\waste01.bmp,15850,5339,705,Bali
gfx\map\landscape\waste02.bmp,15856,5335,705,Bali
gfx\map\landscape\waste03.bmp,15793,5322,705,Bali
gfx\map\landscape\waste03.bmp,15942,5312,710,Sumbawa
gfx\map\landscape\waste05.bmp,17609,5211,718,Wewak
gfx\map\landscape\tree27.bmp,17763,5158,719,Rabaul
gfx\map\landscape\tree29.bmp,17777,5158,719,Rabaul
gfx\map\landscape\tree30.bmp,17797,5155,719,Rabaul
gfx\map\landscape\tree2.bmp,17741,6408,726,Towoomba
gfx\map\landscape\tree12.bmp,17722,6414,726,Towoomba
gfx\map\landscape\tree12.bmp,17572,6540,725,Nandewar
gfx\map\landscape\tree13.bmp,17587,6542,725,Nandewar
gfx\map\landscape\tree14.bmp,17608,6547,725,Nandewar
gfx\map\landscape\trask03.bmp,15245,4313,666,Mekong
gfx\map\landscape\trask04.bmp,15224,4305,666,Mekong
gfx\map\landscape\waste01.bmp,15239,4325,666,Mekong
gfx\map\landscape\trask09.bmp,15198,4161,667,Khmer
gfx\map\landscape\trask08.bmp,15198,4167,667,Khmer
gfx\map\landscape\trask08.bmp,15158,4039,668,Cambodia
gfx\map\landscape\trask07.bmp,15156,4050,668,Cambodia
gfx\map\landscape\trask06.bmp,15128,4047,668,Cambodia
gfx\map\landscape\waste06.bmp,15099,4051,668,Cambodia
gfx\map\landscape\trask04.bmp,14967,3974,670,Bangkok
gfx\map\landscape\trask01.bmp,14934,3974,670,Bangkok
gfx\map\landscape\trask02.bmp,14912,3979,670,Bangkok
gfx\map\landscape\tree30.bmp,15257,4222,665,Da Lat
gfx\map\landscape\tree31.bmp,15268,4200,665,Da Lat
gfx\map\landscape\tree29.bmp,15274,4214,665,Da Lat
gfx\map\landscape\tree27.bmp,15041,3989,669,Laos
gfx\map\landscape\tree28.bmp,15053,3997,669,Laos
gfx\map\landscape\tree29.bmp,15070,4000,669,Laos
gfx\map\landscape\tree29.bmp,15024,3945,669,Laos
gfx\map\landscape\tree30.bmp,15032,3955,669,Laos
gfx\map\landscape\tree31.bmp,15041,3964,669,Laos
gfx\map\landscape\tree30.bmp,15095,3772,663,Tanh Noah
gfx\map\landscape\tree28.bmp,15110,3768,663,Tanh Noah
gfx\map\landscape\tree27.bmp,15128,3778,663,Tanh Noah
gfx\map\landscape\tree29.bmp,15142,3787,663,Tanh Noah
gfx\map\landscape\bergsmooth07.bmp,15351,4079,664,Da Nang
gfx\map\landscape\bergsmooth05.bmp,15363,3467,661,Yunnan
gfx\map\landscape\bergsmooth04.bmp,15624,3460,657,Fukien
gfx\map\landscape\trask02.bmp,15243,3579,662,Hanoi
gfx\map\landscape\tree30.bmp,15425,3430,658,Hunan
gfx\map\landscape\tree31.bmp,15434,3435,658,Hunan
gfx\map\landscape\tree30.bmp,15456,3440,658,Hunan
gfx\map\landscape\tree29.bmp,15473,3435,658,Hunan
gfx\map\landscape\tree27.bmp,15590,3369,656,Kiangsi
gfx\map\landscape\tree26.bmp,15603,3378,656,Kiangsi
gfx\map\landscape\tree28.bmp,15599,3394,656,Kiangsi
gfx\map\landscape\tree29.bmp,15616,3400,656,Kiangsi
gfx\map\landscape\bergsmooth11.bmp,16000,3512,689,Taiwan
gfx\map\landscape\bergsmooth06.bmp,15851,3298,655,Hejiang
gfx\map\landscape\bergsmooth13.bmp,15856,3317,655,Hejiang
gfx\map\landscape\bergsmooth13.bmp,15993,3492,689,Taiwan
gfx\map\landscape\trask01.bmp,15818,3049,653,Hangzouh
gfx\map\landscape\trask04.bmp,15790,3055,653,Hangzouh
gfx\map\landscape\waste01.bmp,15832,3057,653,Hangzouh
gfx\map\landscape\waste02.bmp,15841,3053,653,Hangzouh
gfx\map\landscape\waste03.bmp,15819,3059,653,Hangzouh
gfx\map\landscape\bergsmooth07.bmp,15732,2855,650,Shantung
gfx\map\landscape\bergsmooth05.bmp,16133,2647,642,Yalu
gfx\map\landscape\bergsmooth04.bmp,16086,2358,643,Hunyang
gfx\map\landscape\bergsmooth03.bmp,16028,2362,643,Hunyang
gfx\map\landscape\bergsmooth03.bmp,16303,2042,637,Sikhote
gfx\map\landscape\bergsmooth08.bmp,16364,2344,639,Olga
gfx\map\landscape\bergsmooth11.bmp,16367,2358,639,Olga
gfx\map\landscape\tree3.bmp,16201,2374,640,Nakhodka
gfx\map\landscape\tree5.bmp,16213,2375,640,Nakhodka
gfx\map\landscape\tree9.bmp,16183,2380,640,Nakhodka
gfx\map\landscape\tree9.bmp,16161,2155,636,Viazemski
gfx\map\landscape\tree8.bmp,16180,2163,636,Viazemski
gfx\map\landscape\tree2.bmp,16049,2222,635,Heiongjang
gfx\map\landscape\tree15.bmp,16202,2159,636,Viazemski
gfx\map\landscape\tree11.bmp,15997,2219,635,Heiongjang
gfx\map\landscape\tree12.bmp,16014,2219,635,Heiongjang
gfx\map\landscape\tree13.bmp,16029,2225,635,Heiongjang
gfx\map\landscape\tree12.bmp,15800,1877,633,Norsk
gfx\map\landscape\tree13.bmp,15818,1880,633,Norsk
gfx\map\landscape\tree14.bmp,15838,1884,633,Norsk
gfx\map\landscape\tree11.bmp,15957,1888,630,Boureia
gfx\map\landscape\tree10.bmp,15925,1872,630,Boureia
gfx\map\landscape\tree13.bmp,16085,1767,629,Tchekunda
gfx\map\landscape\tree14.bmp,16100,1768,629,Tchekunda
gfx\map\landscape\tree15.bmp,16116,1760,629,Tchekunda
gfx\map\landscape\tree15.bmp,16126,2016,628,Amour
gfx\map\landscape\tree16.bmp,16140,2011,628,Amour
gfx\map\landscape\tree2.bmp,16141,2024,628,Amour
gfx\map\landscape\bergsmooth07.bmp,16404,2117,638,Nelma
gfx\map\landscape\bergsmooth11.bmp,16495,1938,626,Vanin
gfx\map\landscape\bergsmooth10.bmp,16461,1927,626,Vanin
gfx\map\landscape\tree9.bmp,16305,1687,627,Sofiisk
gfx\map\landscape\tree8.bmp,16324,1686,627,Sofiisk
gfx\map\landscape\tree6.bmp,16337,1698,627,Sofiisk
gfx\map\landscape\tree4.bmp,16353,1682,627,Sofiisk
gfx\map\landscape\tree14.bmp,16353,1703,627,Sofiisk
gfx\map\landscape\tree13.bmp,16420,1765,625,Bogorodsk
gfx\map\landscape\tree12.bmp,16438,1765,625,Bogorodsk
gfx\map\landscape\tree11.bmp,16315,1708,627,Sofiisk
gfx\map\landscape\tree10.bmp,16310,1511,624,Amgoun
gfx\map\landscape\tree12.bmp,16099,1582,623,Tchumkan
gfx\map\landscape\tree13.bmp,16115,1583,623,Tchumkan
gfx\map\landscape\tree13.bmp,16002,1431,614,Djugdjur
gfx\map\landscape\tree14.bmp,16022,1437,614,Djugdjur
gfx\map\landscape\tree12.bmp,15772,1445,613,Baladok
gfx\map\landscape\tree13.bmp,15793,1446,613,Baladok
gfx\map\landscape\tree14.bmp,15814,1450,613,Baladok
gfx\map\landscape\tree11.bmp,15341,1719,609,Mogotcha
gfx\map\landscape\tree12.bmp,15367,1704,609,Mogotcha
gfx\map\landscape\tree13.bmp,15644,1573,612,Stanovoe
gfx\map\landscape\tree14.bmp,15663,1577,612,Stanovoe
gfx\map\landscape\tree15.bmp,15407,1561,610,Djagdi
gfx\map\landscape\tree18.bmp,15427,1548,610,Djagdi
gfx\map\landscape\tree21.bmp,15439,1564,610,Djagdi
gfx\map\landscape\tree19.bmp,15111,1575,607,Sretensk
gfx\map\landscape\tree20.bmp,15128,1586,607,Sretensk
gfx\map\landscape\tree21.bmp,15095,1592,607,Sretensk
gfx\map\landscape\tree22.bmp,15104,1599,607,Sretensk
gfx\map\landscape\tree23.bmp,15155,1600,607,Sretensk
gfx\map\landscape\tree24.bmp,15167,1604,607,Sretensk
gfx\map\landscape\tree23.bmp,14989,1460,606,Kalakan
gfx\map\landscape\tree24.bmp,15003,1462,606,Kalakan
gfx\map\landscape\tree22.bmp,14995,1474,606,Kalakan
gfx\map\landscape\tree17.bmp,14802,1473,603,Ulan Ude
gfx\map\landscape\tree18.bmp,14817,1484,603,Ulan Ude
gfx\map\landscape\tree18.bmp,14898,1586,605,Tchita
gfx\map\landscape\tree17.bmp,14914,1603,605,Tchita
gfx\map\landscape\bergsmooth03.bmp,14908,1463,604,Buriat
gfx\map\landscape\bergsmooth04.bmp,14486,1643,599,Tannu Ola
gfx\map\landscape\bergsmooth05.bmp,14614,1644,601,Chatga
gfx\map\landscape\bergsmooth07.bmp,14208,1586,596,Touva
gfx\map\landscape\bergsmooth11.bmp,14318,1562,597,Saian
gfx\map\landscape\bergsmooth06.bmp,14345,1549,597,Saian
gfx\map\landscape\tree17.bmp,13878,1407,593,Tchuma
gfx\map\landscape\tree18.bmp,13891,1415,593,Tchuma
gfx\map\landscape\tree18.bmp,13756,1399,590,Angara
gfx\map\landscape\tree21.bmp,13771,1409,590,Angara
gfx\map\landscape\tree22.bmp,13736,1406,590,Angara
gfx\map\landscape\tree24.bmp,13725,1411,590,Angara
gfx\map\landscape\tree20.bmp,13651,1527,589,Tomsk
gfx\map\landscape\tree21.bmp,13662,1533,589,Tomsk
gfx\map\landscape\tree23.bmp,13631,1535,589,Tomsk
gfx\map\landscape\tree24.bmp,13622,1537,589,Tomsk
gfx\map\landscape\tree20.bmp,13333,1500,588,Ob
gfx\map\landscape\tree21.bmp,13346,1508,588,Ob
gfx\map\landscape\tree22.bmp,13364,1519,588,Ob
gfx\map\landscape\tree24.bmp,13355,1519,588,Ob
gfx\map\landscape\tree24.bmp,13639,1517,589,Tomsk
gfx\map\landscape\tree19.bmp,13295,1509,586,Demianka
gfx\map\landscape\tree20.bmp,13283,1519,586,Demianka
gfx\map\landscape\tree21.bmp,13260,1522,586,Demianka
gfx\map\landscape\tree17.bmp,12914,1470,583,Irtych
gfx\map\landscape\tree18.bmp,12930,1478,583,Irtych
gfx\map\landscape\tree18.bmp,12880,1469,581,Tchany
gfx\map\landscape\tree20.bmp,12867,1476,581,Tchany
gfx\map\landscape\tree21.bmp,12846,1483,581,Tchany
gfx\map\landscape\tree19.bmp,12046,1621,510,Kurgan
gfx\map\landscape\tree17.bmp,12052,1645,510,Kurgan
gfx\map\landscape\tree18.bmp,12066,1663,510,Kurgan
gfx\map\landscape\tree21.bmp,12082,1680,510,Kurgan
gfx\map\landscape\tree20.bmp,12390,1569,511,Kustanai
gfx\map\landscape\tree21.bmp,12384,1585,511,Kustanai
gfx\map\landscape\tree22.bmp,12391,1599,511,Kustanai
gfx\map\landscape\tree23.bmp,12372,1582,511,Kustanai
gfx\map\landscape\oken01.bmp,12382,2431,522,Amou Daria
gfx\map\landscape\oken02.bmp,12124,2325,520,Bouzatchi
gfx\map\landscape\tree29.bmp,12367,2419,522,Amou Daria
gfx\map\landscape\tree28.bmp,12149,2314,520,Bouzatchi
gfx\map\landscape\tree30.bmp,12267,2284,521,Karabogaz
gfx\map\landscape\tree31.bmp,12273,2299,521,Karabogaz
gfx\map\landscape\tree27.bmp,12036,2066,519,Emba
gfx\map\landscape\tree26.bmp,12054,2072,519,Emba
gfx\map\landscape\tree29.bmp,12037,2088,519,Emba
gfx\map\landscape\tree29.bmp,12098,2319,520,Bouzatchi
gfx\map\landscape\oken02.bmp,12176,2840,528,Lut
gfx\map\landscape\oken02.bmp,11670,2830,488,Kirkuk
gfx\map\landscape\oken01.bmp,11637,2837,488,Kirkuk
gfx\map\landscape\oken01.bmp,11833,3095,508,Basrah
gfx\map\landscape\oken01.bmp,11494,3603,498,Mekkah
gfx\map\landscape\oken01.bmp,12104,3538,506,Quatar
gfx\map\landscape\oken02.bmp,12050,3967,501,Hadramut
gfx\map\landscape\oken02.bmp,12407,3735,503,Masirah
gfx\map\landscape\oken02.bmp,12384,3739,503,Masirah
gfx\map\landscape\oken02.bmp,12130,3550,506,Quatar
gfx\map\landscape\oken02.bmp,11442,4001,752,Massawa
gfx\map\landscape\oken02.bmp,11316,3803,751,Bisharin
gfx\map\landscape\oken02.bmp,11025,3602,748,Khartoum
gfx\map\landscape\oken02.bmp,11091,3422,749,Hurgadah
gfx\map\landscape\oken01.bmp,11126,3412,749,Hurgadah
gfx\map\landscape\oken01.bmp,11231,3652,750,Banas
gfx\map\landscape\oken01.bmp,12027,3975,501,Hadramut
gfx\map\landscape\oken01.bmp,9923,2997,740,Tripolitania
gfx\map\landscape\oken01.bmp,10576,3051,742,Quattara
gfx\map\landscape\oken01.bmp,11115,3081,494,Sinai
gfx\map\landscape\oken01.bmp,11422,3149,496,Arabia
gfx\map\landscape\bergsmooth12.bmp,16791,2799,685,Edo
gfx\map\landscape\bergsmooth06.bmp,16407,2989,688,Kyushu
gfx\map\landscape\bergsmooth03.bmp,16552,2831,686,Honshu
gfx\map\landscape\bergsmooth06.bmp,16914,2244,683,Hokkaido
gfx\map\landscape\bergsmooth08.bmp,16887,2253,683,Hokkaido
gfx\map\landscape\bergsmooth08.bmp,16079,1244,615,Enkan
gfx\map\landscape\bergsmooth06.bmp,16055,1220,615,Enkan
gfx\map\landscape\bergsmooth06.bmp,16550,768,619,Chelekov
gfx\map\landscape\bergsmooth08.bmp,16575,782,619,Chelekov
gfx\map\landscape\bergsmooth07.bmp,16452,911,617,Magadan
gfx\map\landscape\bergsmooth11.bmp,16549,986,618,Kolyma
gfx\map\landscape\bergsmooth10.bmp,16572,974,618,Kolyma
gfx\map\landscape\bergsmooth11.bmp,16891,508,620,Kamenkoie
gfx\map\landscape\bergsmooth07.bmp,16856,522,620,Kamenkoie
gfx\map\landscape\bergsmooth04.bmp,17024,483,621,Korfa
gfx\map\landscape\bergsmooth06.bmp,16976,900,622,Palana
gfx\map\landscape\bergsmooth08.bmp,16992,910,622,Palana
gfx\map\landscape\bergsmooth08.bmp,5807,6854,229,Tierra del Fuego
gfx\map\landscape\bergsmooth09.bmp,5580,6780,228,Magallanes
gfx\map\landscape\bergsmooth06.bmp,5453,6672,177,Aisen
gfx\map\landscape\tree25.bmp,5314,6447,176,Talca
gfx\map\landscape\tree26.bmp,5313,6459,176,Talca
gfx\map\landscape\tree27.bmp,5333,6458,176,Talca
gfx\map\landscape\tree28.bmp,5340,6467,176,Talca
gfx\map\landscape\tree29.bmp,5324,6473,176,Talca
gfx\map\landscape\tree30.bmp,5311,6481,176,Talca
gfx\map\landscape\tree30.bmp,5360,5964,175,Valparaiso
gfx\map\landscape\tree31.bmp,5380,5964,175,Valparaiso
gfx\map\landscape\tree30.bmp,5362,5980,175,Valparaiso
gfx\map\landscape\tree29.bmp,5376,5981,175,Valparaiso
gfx\map\landscape\tree28.bmp,5365,5991,175,Valparaiso
gfx\map\landscape\tree29.bmp,5361,5946,175,Valparaiso
gfx\map\landscape\tree29.bmp,5356,5999,175,Valparaiso
gfx\map\landscape\tree28.bmp,5345,5867,174,Coquimbo
gfx\map\landscape\tree29.bmp,5336,5877,174,Coquimbo
gfx\map\landscape\tree30.bmp,5320,5887,174,Coquimbo
gfx\map\landscape\tree27.bmp,5949,5502,217,Parana
gfx\map\landscape\tree28.bmp,5961,5509,217,Parana
gfx\map\landscape\tree29.bmp,5954,5519,217,Parana
gfx\map\landscape\tree30.bmp,5970,5535,217,Parana
gfx\map\landscape\tree28.bmp,5882,5337,218,Neembucu
gfx\map\landscape\tree29.bmp,5897,5345,218,Neembucu
gfx\map\landscape\tree30.bmp,5878,5356,218,Neembucu
gfx\map\landscape\tree31.bmp,5867,5375,218,Neembucu
gfx\map\landscape\tree31.bmp,5905,5324,218,Neembucu
gfx\map\landscape\tree25.bmp,5986,5393,216,Artigas
gfx\map\landscape\tree26.bmp,5994,5407,216,Artigas
gfx\map\landscape\tree27.bmp,6006,5421,216,Artigas
gfx\map\landscape\tree29.bmp,6015,5433,216,Artigas
gfx\map\landscape\tree30.bmp,6033,5447,216,Artigas
gfx\map\landscape\tree30.bmp,6354,5278,214,Cangucu
gfx\map\landscape\tree29.bmp,6338,5283,214,Cangucu
gfx\map\landscape\tree28.bmp,6323,5285,214,Cangucu
gfx\map\landscape\tree27.bmp,6308,5292,214,Cangucu
gfx\map\landscape\tree26.bmp,6289,5304,214,Cangucu
gfx\map\landscape\tree26.bmp,6457,5192,211,Niteroi
gfx\map\landscape\tree27.bmp,6470,5197,211,Niteroi
gfx\map\landscape\tree29.bmp,6479,5207,211,Niteroi
gfx\map\landscape\tree30.bmp,6490,5226,211,Niteroi
gfx\map\landscape\tree31.bmp,6498,5240,211,Niteroi
gfx\map\landscape\tree31.bmp,6542,5022,210,Itaimas
gfx\map\landscape\tree30.bmp,6555,5036,210,Itaimas
gfx\map\landscape\tree29.bmp,6567,5052,210,Itaimas
gfx\map\landscape\tree29.bmp,6668,4945,210,Itaimas
gfx\map\landscape\tree28.bmp,6680,4941,210,Itaimas
gfx\map\landscape\tree28.bmp,6802,4937,209,Salvador
gfx\map\landscape\tree27.bmp,6796,4950,209,Salvador
gfx\map\landscape\tree26.bmp,6821,4943,209,Salvador
gfx\map\landscape\tree26.bmp,6902,4696,208,Minas Gerais
gfx\map\landscape\tree27.bmp,6880,4702,208,Minas Gerais
gfx\map\landscape\tree28.bmp,6893,4715,208,Minas Gerais
gfx\map\landscape\tree29.bmp,6868,4716,208,Minas Gerais
gfx\map\landscape\tree30.bmp,6855,4732,208,Minas Gerais
gfx\map\landscape\tree30.bmp,6933,4729,207,Diamentina
gfx\map\landscape\tree31.bmp,6954,4738,207,Diamentina
gfx\map\landscape\tree29.bmp,6972,4748,207,Diamentina
gfx\map\landscape\tree27.bmp,6906,4651,206,Alagoas
gfx\map\landscape\tree28.bmp,6916,4660,206,Alagoas
gfx\map\landscape\tree29.bmp,6928,4670,206,Alagoas
gfx\map\landscape\tree27.bmp,6975,4502,204,Maranhao
gfx\map\landscape\tree29.bmp,6985,4509,204,Maranhao
gfx\map\landscape\tree30.bmp,6999,4518,204,Maranhao
gfx\map\landscape\tree31.bmp,7014,4527,204,Maranhao
gfx\map\landscape\tree31.bmp,7047,4539,205,Pernambuc
gfx\map\landscape\tree30.bmp,7062,4548,205,Pernambuc
gfx\map\landscape\tree29.bmp,7077,4558,205,Pernambuc
gfx\map\landscape\tree25.bmp,7160,4415,203,Recife
gfx\map\landscape\tree26.bmp,7136,4390,203,Recife
gfx\map\landscape\tree26.bmp,6988,4296,204,Maranhao
gfx\map\landscape\tree27.bmp,7003,4305,204,Maranhao
gfx\map\landscape\tree29.bmp,7019,4314,204,Maranhao
gfx\map\landscape\tree28.bmp,6994,4243,202,Parnaiba
gfx\map\landscape\tree29.bmp,7007,4252,202,Parnaiba
gfx\map\landscape\tree30.bmp,7022,4264,202,Parnaiba
gfx\map\landscape\tree31.bmp,7045,4275,202,Parnaiba
gfx\map\landscape\tree27.bmp,6815,4216,201,Iguatu
gfx\map\landscape\tree29.bmp,6833,4229,201,Iguatu
gfx\map\landscape\tree30.bmp,6752,4115,200,Tiracambu
gfx\map\landscape\tree31.bmp,6772,4128,200,Tiracambu
gfx\map\landscape\tree25.bmp,6727,4155,199,Para
gfx\map\landscape\tree26.bmp,6488,4217,199,Para
gfx\map\landscape\tree25.bmp,6509,4232,199,Para
gfx\map\landscape\tree27.bmp,6521,4244,199,Para
gfx\map\landscape\tree29.bmp,6535,4250,199,Para
gfx\map\landscape\tree30.bmp,6548,4260,199,Para
gfx\map\landscape\tree30.bmp,6327,4470,195,Mato Grosso
gfx\map\landscape\tree31.bmp,6340,4484,195,Mato Grosso
gfx\map\landscape\tree31.bmp,6393,4466,195,Mato Grosso
gfx\map\landscape\tree30.bmp,6393,4480,195,Mato Grosso
gfx\map\landscape\tree29.bmp,6375,4486,195,Mato Grosso
gfx\map\landscape\tree29.bmp,6353,4490,195,Mato Grosso
gfx\map\landscape\tree28.bmp,6358,4504,195,Mato Grosso
gfx\map\landscape\tree28.bmp,6398,4495,195,Mato Grosso
gfx\map\landscape\tree27.bmp,6373,4511,195,Mato Grosso
gfx\map\landscape\tree26.bmp,6393,4517,195,Mato Grosso
gfx\map\landscape\tree29.bmp,6383,4532,195,Mato Grosso
gfx\map\landscape\tree25.bmp,6501,4303,196,Goias
gfx\map\landscape\tree27.bmp,6502,4324,196,Goias
gfx\map\landscape\trask03.bmp,6270,4256,197,Caracas
gfx\map\landscape\trask04.bmp,6297,4269,197,Caracas
gfx\map\landscape\trask04.bmp,6361,4112,198,Marajo
gfx\map\landscape\trask05.bmp,6397,4116,198,Marajo
gfx\map\landscape\waste01.bmp,6407,4125,198,Marajo
gfx\map\landscape\waste02.bmp,6394,4124,198,Marajo
gfx\map\landscape\trask08.bmp,6307,3964,183,Amapa
gfx\map\landscape\trask09.bmp,6336,3973,183,Amapa
gfx\map\landscape\trask07.bmp,6307,3977,183,Amapa
gfx\map\landscape\trask08.bmp,6247,3847,182,Maroni
gfx\map\landscape\trask09.bmp,6271,3857,182,Maroni
gfx\map\landscape\trask09.bmp,6049,3830,181,Surinam
gfx\map\landscape\trask08.bmp,6079,3833,181,Surinam
gfx\map\landscape\trask07.bmp,6099,3829,181,Surinam
gfx\map\landscape\trask07.bmp,6103,3842,181,Surinam
gfx\map\landscape\tree25.bmp,6076,4035,184,Manaus
gfx\map\landscape\tree26.bmp,6099,4045,184,Manaus
gfx\map\landscape\tree27.bmp,6021,4065,185,Solimoes
gfx\map\landscape\tree28.bmp,6011,4080,185,Solimoes
gfx\map\landscape\tree29.bmp,6111,4058,184,Manaus
gfx\map\landscape\tree29.bmp,6002,4092,185,Solimoes
gfx\map\landscape\tree30.bmp,6132,4076,184,Manaus
gfx\map\landscape\tree31.bmp,5982,4106,185,Solimoes
gfx\map\landscape\tree30.bmp,5638,4139,190,Japura
gfx\map\landscape\tree31.bmp,5634,4151,190,Japura
gfx\map\landscape\tree29.bmp,5647,4161,190,Japura
gfx\map\landscape\tree27.bmp,5674,4213,191,Canuma
gfx\map\landscape\tree28.bmp,5692,4202,191,Canuma
gfx\map\landscape\tree29.bmp,5688,4222,191,Canuma
gfx\map\landscape\tree30.bmp,5714,4211,191,Canuma
gfx\map\landscape\tree30.bmp,5663,4154,190,Japura
gfx\map\landscape\tree25.bmp,5611,4428,192,Taqari
gfx\map\landscape\tree26.bmp,5597,4450,192,Taqari
gfx\map\landscape\tree27.bmp,5578,4433,192,Taqari
gfx\map\landscape\tree29.bmp,5553,4438,192,Taqari
gfx\map\landscape\tree30.bmp,5586,4477,192,Taqari
gfx\map\landscape\tree30.bmp,5770,5422,221,Corrientes
gfx\map\landscape\tree31.bmp,5787,5410,221,Corrientes
gfx\map\landscape\tree31.bmp,5308,5356,172,Arica
gfx\map\landscape\tree30.bmp,5326,5361,172,Arica
gfx\map\landscape\bergsmooth11.bmp,5495,5234,219,Tucuman
gfx\map\landscape\bergsmooth06.bmp,5473,5214,219,Tucuman
gfx\map\landscape\bergsmooth06.bmp,5358,5096,171,Moquega
gfx\map\landscape\bergsmooth03.bmp,5280,4779,170,Arequipa
gfx\map\landscape\bergsmooth04.bmp,5406,4819,194,Potosi
gfx\map\landscape\bergsmooth04.bmp,5388,4562,193,Titicaca
gfx\map\landscape\bergsmooth07.bmp,5383,4572,193,Titicaca
gfx\map\landscape\bergsmooth11.bmp,5078,4572,167,Ayacucho
gfx\map\landscape\bergsmooth11.bmp,5099,4562,167,Ayacucho
gfx\map\landscape\bergsmooth11.bmp,5079,4573,167,Ayacucho
gfx\map\landscape\bergsmooth13.bmp,5220,4558,169,Cuzco
gfx\map\landscape\bergsmooth13.bmp,4860,4169,163,Azuay
gfx\map\landscape\bergsmooth06.bmp,5004,3902,163,Azuay
gfx\map\landscape\bergsmooth12.bmp,5071,3856,160,Bogota
gfx\map\landscape\bergsmooth08.bmp,5272,3781,159,Yarumal
gfx\map\landscape\bergsmooth06.bmp,5302,3766,159,Yarumal
gfx\map\landscape\tree25.bmp,5771,3812,180,Guyana
gfx\map\landscape\trask02.bmp,5859,3663,179,Cuyuni
gfx\map\landscape\trask01.bmp,5683,3551,178,Caribe
gfx\map\landscape\trask03.bmp,5702,3562,178,Caribe
gfx\map\landscape\trask04.bmp,5721,3574,178,Caribe
gfx\map\landscape\trask05.bmp,5668,3564,178,Caribe
gfx\map\landscape\trask05.bmp,5418,3664,155,Apure
gfx\map\landscape\waste01.bmp,5440,3666,155,Apure
gfx\map\landscape\trask04.bmp,5400,3675,155,Apure
gfx\map\landscape\tree28.bmp,5460,3575,154,Yaraguay
gfx\map\landscape\tree27.bmp,5476,3575,154,Yaraguay
gfx\map\landscape\tree29.bmp,5492,3577,154,Yaraguay
gfx\map\landscape\tree30.bmp,5514,3574,154,Yaraguay
gfx\map\landscape\tree28.bmp,5310,3546,156,Tocuvo
gfx\map\landscape\tree29.bmp,5319,3552,156,Tocuvo
gfx\map\landscape\tree30.bmp,5331,3562,156,Tocuvo
gfx\map\landscape\tree31.bmp,5359,3562,156,Tocuvo
gfx\map\landscape\tree27.bmp,5324,3521,156,Tocuvo
gfx\map\landscape\tree27.bmp,5610,4111,189,Macacos
gfx\map\landscape\tree27.bmp,5458,4029,189,Macacos
gfx\map\landscape\tree28.bmp,5466,4040,189,Macacos
gfx\map\landscape\tree29.bmp,5471,4051,189,Macacos
gfx\map\landscape\tree30.bmp,5491,4056,189,Macacos
gfx\map\landscape\tree27.bmp,5016,3973,187,Pastaza
gfx\map\landscape\tree29.bmp,5018,3988,187,Pastaza
gfx\map\landscape\tree30.bmp,5018,4008,187,Pastaza
gfx\map\landscape\tree31.bmp,5036,4021,187,Pastaza
gfx\map\landscape\trask01.bmp,5303,4057,188,Mirim
gfx\map\landscape\trask04.bmp,5328,4066,188,Mirim
gfx\map\landscape\trask05.bmp,5280,4063,188,Mirim
gfx\map\landscape\tree28.bmp,4853,3958,162,Cali
gfx\map\landscape\tree27.bmp,4832,3948,162,Cali
gfx\map\landscape\tree29.bmp,4844,3960,162,Cali
gfx\map\landscape\tree30.bmp,4812,3953,162,Cali
gfx\map\landscape\tree31.bmp,4788,3950,162,Cali
gfx\map\landscape\tree31.bmp,4867,3940,162,Cali
gfx\map\landscape\tree31.bmp,5025,3995,187,Pastaza
gfx\map\landscape\tree28.bmp,5016,4020,187,Pastaza
gfx\map\landscape\tree28.bmp,4998,3736,161,Cupica
gfx\map\landscape\tree29.bmp,4988,3749,161,Cupica
gfx\map\landscape\trask04.bmp,5238,3580,157,Maracaibo
gfx\map\landscape\trask05.bmp,5274,3583,157,Maracaibo
gfx\map\landscape\trask07.bmp,5033,3569,158,Cartagena
gfx\map\landscape\trask08.bmp,5059,3572,158,Cartagena
gfx\map\landscape\trask09.bmp,4962,3562,39,Isthmus
gfx\map\landscape\trask07.bmp,4970,3567,39,Isthmus
gfx\map\landscape\trask05.bmp,4786,3546,39,Isthmus
gfx\map\landscape\trask04.bmp,4692,3403,38,Mosquitos
gfx\map\landscape\trask01.bmp,4671,3404,38,Mosquitos
gfx\map\landscape\trask02.bmp,4661,3257,37,Nicaragua
gfx\map\landscape\trask04.bmp,4692,3269,37,Nicaragua
gfx\map\landscape\trask04.bmp,4669,3416,38,Mosquitos
gfx\map\landscape\tree30.bmp,4430,3190,36,Honduras
gfx\map\landscape\tree30.bmp,4573,3310,822,Costa Rica
gfx\map\landscape\tree31.bmp,4591,3303,822,Costa Rica
gfx\map\landscape\tree28.bmp,4446,3178,36,Honduras
gfx\map\landscape\tree28.bmp,4475,2929,35,Yucatan
gfx\map\landscape\tree29.bmp,4492,2939,35,Yucatan
gfx\map\landscape\tree29.bmp,4928,2851,137,Havana
gfx\map\landscape\tree30.bmp,4980,2868,138,Moron
gfx\map\landscape\tree31.bmp,5154,2995,139,Guantanamo
gfx\map\landscape\tree29.bmp,5159,3143,140,Jamaica
gfx\map\landscape\tree29.bmp,5550,3110,143,Barahona
gfx\map\landscape\trask01.bmp,5338,3135,141,Les Cayes
gfx\map\landscape\bergsmooth10.bmp,5501,3130,142,Tortuga
gfx\map\landscape\bergsmooth07.bmp,4077,3086,31,Tehuantepec
gfx\map\landscape\bergsmooth05.bmp,4335,3082,33,Guatemala
gfx\map\landscape\trask01.bmp,4424,3056,34,Campeche
gfx\map\landscape\trask04.bmp,4444,3067,34,Campeche
gfx\map\landscape\trask04.bmp,4147,3014,32,Tehuacan
gfx\map\landscape\trask05.bmp,4171,3016,32,Tehuacan
gfx\map\landscape\bergsmooth04.bmp,3861,2899,27,Zacatecas
gfx\map\landscape\bergsmooth03.bmp,3726,2925,26,Michoagan
gfx\map\landscape\bergsmooth06.bmp,3530,2550,24,Jalisco
gfx\map\landscape\bergsmooth08.bmp,3557,2563,24,Jalisco
gfx\map\landscape\bergsmooth06.bmp,3320,2406,21,Mazatlan
gfx\map\landscape\oken01.bmp,3816,2456,23,Coahuilha
gfx\map\landscape\oken01.bmp,3558,2252,20,Chihuahua
gfx\map\landscape\oken01.bmp,3204,2175,17,Empalme
gfx\map\landscape\oken02.bmp,3252,2186,17,Empalme
gfx\map\landscape\oken02.bmp,3577,2264,20,Chihuahua
gfx\map\landscape\oken02.bmp,3759,2463,23,Coahuilha
gfx\map\landscape\tree26.bmp,3096,1989,15,Altar
gfx\map\landscape\tree27.bmp,3228,2176,17,Empalme
gfx\map\landscape\tree26.bmp,3791,2449,23,Coahuilha
gfx\map\landscape\tree25.bmp,3309,1840,14,Salton
gfx\map\landscape\tree28.bmp,3405,1954,16,Canyon
gfx\map\landscape\bergsmooth11.bmp,3216,2541,13,Baja
gfx\map\landscape\bergsmooth11.bmp,3224,2551,13,Baja
gfx\map\landscape\bergsmooth11.bmp,3042,2281,13,Baja
gfx\map\landscape\bergsmooth07.bmp,3009,2003,12,Ensenada
gfx\map\landscape\bergsmooth06.bmp,2916,1748,10,Sierra Madre
gfx\map\landscape\bergsmooth06.bmp,2874,1739,10,Sierra Madre
gfx\map\landscape\bergsmooth06.bmp,2817,1496,9,Monterey
gfx\map\landscape\bergsmooth08.bmp,2829,1512,9,Monterey
gfx\map\landscape\bergsmooth08.bmp,2791,1520,9,Monterey
gfx\map\landscape\tree17.bmp,2826,1002,7,Nehalem
gfx\map\landscape\tree18.bmp,2841,1015,7,Nehalem
gfx\map\landscape\tree20.bmp,2858,1032,7,Nehalem
gfx\map\landscape\tree21.bmp,2809,1026,7,Nehalem
gfx\map\landscape\tree19.bmp,3029,891,6,Columbia
gfx\map\landscape\tree20.bmp,3040,910,6,Columbia
gfx\map\landscape\tree21.bmp,3027,924,6,Columbia
gfx\map\landscape\bergsmooth07.bmp,3007,827,5,Olympia
gfx\map\landscape\bergsmooth11.bmp,2949,573,4,Nanaimo
gfx\map\landscape\tree24.bmp,2798,369,3,Sitka
gfx\map\landscape\tree23.bmp,2811,364,3,Sitka
gfx\map\landscape\tree22.bmp,2827,355,3,Sitka
gfx\map\landscape\tree21.bmp,2806,382,3,Sitka
gfx\map\landscape\tree20.bmp,2827,383,3,Sitka
gfx\map\landscape\tree21.bmp,2844,338,3,Sitka
gfx\map\landscape\bergsmooth06.bmp,2662,273,2,Kitimat
gfx\map\landscape\bergsmooth11.bmp,2796,287,1,Yukon
gfx\map\landscape\bergsmooth10.bmp,2809,298,1,Yukon
gfx\map\landscape\bergsmooth08.bmp,2831,269,1,Yukon
gfx\map\landscape\bergsmooth08.bmp,2993,838,5,Olympia
gfx\map\landscape\bergsmooth03.bmp,3457,2217,18,Arizona
gfx\map\landscape\bergsmooth05.bmp,3615,2179,19,Pinalero
gfx\map\landscape\trask01.bmp,4180,2280,43,Matagorda
gfx\map\landscape\trask04.bmp,4191,2290,43,Matagorda
gfx\map\landscape\trask04.bmp,4361,2191,45,Bayou
gfx\map\landscape\trask05.bmp,4360,2181,45,Bayou
gfx\map\landscape\waste01.bmp,4364,2197,45,Bayou
gfx\map\landscape\waste02.bmp,4349,2197,45,Bayou
gfx\map\landscape\waste02.bmp,4153,2284,43,Matagorda
gfx\map\landscape\trask06.bmp,4533,2202,46,Biloxi
gfx\map\landscape\trask07.bmp,4504,2207,46,Biloxi
gfx\map\landscape\trask08.bmp,4545,2207,46,Biloxi
gfx\map\landscape\trask09.bmp,4664,2235,47,Mobile
gfx\map\landscape\trask07.bmp,4676,2238,47,Mobile
gfx\map\landscape\trask05.bmp,4787,2235,48,Talahassee
gfx\map\landscape\trask04.bmp,4784,2244,48,Talahassee
gfx\map\landscape\trask01.bmp,4766,2244,48,Talahassee
gfx\map\landscape\waste02.bmp,4741,2245,48,Talahassee
gfx\map\landscape\trask08.bmp,4959,2486,50,Everglades
gfx\map\landscape\trask09.bmp,4959,2484,50,Everglades
gfx\map\landscape\trask09.bmp,4946,2498,50,Everglades
gfx\map\landscape\waste06.bmp,4924,2506,50,Everglades
gfx\map\landscape\waste05.bmp,4935,2506,50,Everglades
gfx\map\landscape\waste04.bmp,4915,2511,50,Everglades
gfx\map\landscape\waste04.bmp,4978,2481,50,Everglades
gfx\map\landscape\trask05.bmp,4927,2305,49,Seminole  
gfx\map\landscape\trask04.bmp,4922,2318,49,Seminole  
gfx\map\landscape\trask01.bmp,4910,2323,49,Seminole  
gfx\map\landscape\trask02.bmp,4892,2134,54,Savannah
gfx\map\landscape\trask01.bmp,4925,2143,54,Savannah
gfx\map\landscape\tree8.bmp,4513,2127,52,Yazoo
gfx\map\landscape\tree6.bmp,4525,2141,52,Yazoo
gfx\map\landscape\tree4.bmp,4543,2145,52,Yazoo
gfx\map\landscape\tree14.bmp,4532,2154,52,Yazoo
gfx\map\landscape\tree12.bmp,4690,2200,53,Tuscaloosa
gfx\map\landscape\tree13.bmp,4706,2207,53,Tuscaloosa
gfx\map\landscape\tree14.bmp,4721,2217,53,Tuscaloosa
gfx\map\landscape\tree14.bmp,4651,2023,56,Tennessee
gfx\map\landscape\tree13.bmp,4658,2034,56,Tennessee
gfx\map\landscape\tree12.bmp,4660,2052,56,Tennessee
gfx\map\landscape\tree11.bmp,4851,1907,56,Tennessee
gfx\map\landscape\tree10.bmp,4903,1884,67,Kentucky
gfx\map\landscape\tree10.bmp,4714,1873,60,Miamis
gfx\map\landscape\tree12.bmp,4731,1891,60,Miamis
gfx\map\landscape\tree14.bmp,4746,1898,60,Miamis
gfx\map\landscape\tree13.bmp,5005,2118,62,Carolina
gfx\map\landscape\tree14.bmp,5016,2126,62,Carolina
gfx\map\landscape\tree12.bmp,5101,1998,63,Santee
gfx\map\landscape\tree13.bmp,5118,1999,63,Santee
gfx\map\landscape\bergsmooth03.bmp,5007,1914,66,Appalache
gfx\map\landscape\bergsmooth06.bmp,4782,2145,55,Alabama
gfx\map\landscape\bergsmooth08.bmp,4794,2154,55,Alabama
gfx\map\landscape\bergsmooth08.bmp,5020,1927,66,Appalache
gfx\map\landscape\bergsmooth06.bmp,5063,1897,66,Appalache
gfx\map\landscape\tree10.bmp,5102,1941,65,Catawba
gfx\map\landscape\tree11.bmp,5376,1813,86,Delaware
gfx\map\landscape\trask02.bmp,5279,1934,64,Roanoke
gfx\map\landscape\tree9.bmp,5194,1633,84,Tuscarora
gfx\map\landscape\trask01.bmp,5297,1872,68,Chesapeake
gfx\map\landscape\bergsmooth10.bmp,5380,1630,88,Catskill
gfx\map\landscape\bergsmooth10.bmp,5212,1586,90,Mohawk
gfx\map\landscape\bergsmooth11.bmp,5069,1633,83,Irondekoit
gfx\map\landscape\bergsmooth08.bmp,5116,1629,83,Irondekoit
gfx\map\landscape\bergsmooth06.bmp,5107,1729,70,Shenandoah
gfx\map\landscape\tree12.bmp,5306,1699,85,Susquehanna
gfx\map\landscape\tree13.bmp,5403,1738,87,Manhattan
gfx\map\landscape\tree13.bmp,5057,1704,71,Erie
gfx\map\landscape\tree12.bmp,5181,1528,91,Onondaga
gfx\map\landscape\tree11.bmp,5048,1476,92,Niagara
gfx\map\landscape\tree10.bmp,5273,1372,97,Oshawa
gfx\map\landscape\tree12.bmp,5427,1399,99,Ticonderoga
gfx\map\landscape\tree13.bmp,5475,1506,101,Sebago
gfx\map\landscape\tree14.bmp,5490,1510,101,Sebago
gfx\map\landscape\tree14.bmp,5427,1412,99,Ticonderoga
gfx\map\landscape\tree13.bmp,5388,1523,100,Adirondak
gfx\map\landscape\tree14.bmp,5402,1528,100,Adirondak
gfx\map\landscape\tree15.bmp,5436,1560,102,Connecticut
gfx\map\landscape\tree12.bmp,5527,1544,103,Massachussetts
gfx\map\landscape\tree15.bmp,4646,1742,73,Fox
gfx\map\landscape\tree13.bmp,4668,1746,73,Fox
gfx\map\landscape\tree14.bmp,4690,1750,73,Fox
gfx\map\landscape\tree10.bmp,4863,1495,81,Michilimakinak
gfx\map\landscape\tree10.bmp,4628,1442,80,Oskosh
gfx\map\landscape\tree11.bmp,4639,1458,80,Oskosh
gfx\map\landscape\tree12.bmp,4720,1190,93,Sault
gfx\map\landscape\tree13.bmp,4734,1198,93,Sault
gfx\map\landscape\tree14.bmp,4722,1204,93,Sault
gfx\map\landscape\tree15.bmp,4515,1374,79,Duluth
gfx\map\landscape\tree2.bmp,4530,1388,79,Duluth
gfx\map\landscape\tree2.bmp,4278,1171,77,Mesabi
gfx\map\landscape\tree3.bmp,4394,1148,78,Wisconsin
gfx\map\landscape\tree5.bmp,4404,1155,78,Wisconsin
gfx\map\landscape\tree8.bmp,4402,1176,78,Wisconsin
gfx\map\landscape\tree9.bmp,4629,999,94,Superior
gfx\map\landscape\tree9.bmp,4413,1191,78,Wisconsin
gfx\map\landscape\tree8.bmp,4641,1021,94,Superior
gfx\map\landscape\tree9.bmp,4975,1177,95,Nipigon
gfx\map\landscape\bergsmooth11.bmp,5307,1578,89,Oswego
gfx\map\landscape\bergsmooth11.bmp,5516,1430,105,Megantic
gfx\map\landscape\bergsmooth11.bmp,5547,1431,105,Megantic
gfx\map\landscape\tree2.bmp,5383,1346,98,Huron
gfx\map\landscape\bergsmooth07.bmp,5693,1296,111,Rimouski
gfx\map\landscape\tree9.bmp,5591,1450,104,Penobscot
gfx\map\landscape\tree9.bmp,5757,1323,112,Bangor
gfx\map\landscape\tree14.bmp,5775,1332,112,Bangor
gfx\map\landscape\tree13.bmp,5811,1272,113,Micmac
gfx\map\landscape\tree12.bmp,5831,1262,113,Micmac
gfx\map\landscape\tree11.bmp,5835,1282,113,Micmac
gfx\map\landscape\bergsmooth04.bmp,5994,1135,114,Gaspsie
gfx\map\landscape\tree14.bmp,4989,1185,95,Nipigon
gfx\map\landscape\tree15.bmp,5048,1153,96,Nipissing
gfx\map\landscape\tree12.bmp,5061,1164,96,Nipissing
gfx\map\landscape\tree13.bmp,5080,1172,96,Nipissing
gfx\map\landscape\tree14.bmp,5100,1186,96,Nipissing
gfx\map\landscape\tree14.bmp,5395,1359,98,Huron
gfx\map\landscape\tree14.bmp,5263,1381,97,Oshawa
gfx\map\landscape\tree14.bmp,5540,1553,103,Massachussetts
gfx\map\landscape\tree14.bmp,5448,1569,102,Connecticut
gfx\map\landscape\tree14.bmp,5847,1285,113,Micmac
gfx\map\landscape\tree12.bmp,5324,1204,107,Ottawa
gfx\map\landscape\tree13.bmp,5342,1206,107,Ottawa
gfx\map\landscape\tree14.bmp,5361,1211,107,Ottawa
gfx\map\landscape\tree13.bmp,5555,1074,108,Laurentia
gfx\map\landscape\tree14.bmp,5575,1078,108,Laurentia
gfx\map\landscape\tree14.bmp,5448,1323,106,Hochelaga
gfx\map\landscape\tree14.bmp,5461,1326,106,Hochelaga
gfx\map\landscape\tree14.bmp,5453,1332,106,Hochelaga
gfx\map\landscape\tree13.bmp,5553,1192,109,Shawinigan
gfx\map\landscape\tree12.bmp,5649,1106,110,Kebec
gfx\map\landscape\tree13.bmp,5664,1109,110,Kebec
gfx\map\landscape\tree17.bmp,5842,963,121,Chicoutimi
gfx\map\landscape\tree18.bmp,5822,967,121,Chicoutimi
gfx\map\landscape\tree18.bmp,5839,987,121,Chicoutimi
gfx\map\landscape\tree18.bmp,5886,941,122,Manicouagan
gfx\map\landscape\tree21.bmp,5902,951,122,Manicouagan
gfx\map\landscape\tree20.bmp,5886,972,122,Manicouagan
gfx\map\landscape\tree19.bmp,5920,929,122,Manicouagan
gfx\map\landscape\tree19.bmp,4899,945,95,Nipigon
gfx\map\landscape\tree18.bmp,4923,950,95,Nipigon
gfx\map\landscape\tree17.bmp,4876,891,133,Athabaska
gfx\map\landscape\tree20.bmp,4895,896,133,Athabaska
gfx\map\landscape\tree21.bmp,4916,900,133,Athabaska
gfx\map\landscape\tree21.bmp,4909,969,95,Nipigon
gfx\map\landscape\tree22.bmp,4907,902,133,Athabaska
gfx\map\landscape\tree22.bmp,4856,898,133,Athabaska
gfx\map\landscape\tree22.bmp,5093,844,134,Chimo
gfx\map\landscape\tree23.bmp,5107,850,134,Chimo
gfx\map\landscape\tree24.bmp,5120,858,134,Chimo
gfx\map\landscape\tree23.bmp,5118,835,134,Chimo
gfx\map\landscape\tree23.bmp,5194,795,132,Winisk
gfx\map\landscape\tree24.bmp,5206,808,132,Winisk
gfx\map\landscape\tree22.bmp,5222,820,132,Winisk
gfx\map\landscape\tree20.bmp,5219,796,132,Winisk
gfx\map\landscape\tree22.bmp,6213,883,123,Anticosti
gfx\map\landscape\tree23.bmp,6225,890,123,Anticosti
gfx\map\landscape\tree24.bmp,6194,885,123,Anticosti
gfx\map\landscape\tree22.bmp,6167,887,123,Anticosti
gfx\map\landscape\tree21.bmp,6181,891,123,Anticosti
gfx\map\landscape\tree19.bmp,6414,813,124,Belle Isle
gfx\map\landscape\tree17.bmp,6431,828,124,Belle Isle
gfx\map\landscape\tree18.bmp,6413,840,124,Belle Isle
gfx\map\landscape\tree21.bmp,6425,860,124,Belle Isle
gfx\map\landscape\tree22.bmp,6412,875,124,Belle Isle
gfx\map\landscape\tree22.bmp,6202,896,123,Anticosti
gfx\map\landscape\tree20.bmp,6299,566,125,Caniapiscau
gfx\map\landscape\tree21.bmp,6306,576,125,Caniapiscau
gfx\map\landscape\tree22.bmp,6316,592,125,Caniapiscau
gfx\map\landscape\tree19.bmp,6233,441,126,Nain
gfx\map\landscape\tree18.bmp,6247,460,126,Nain
gfx\map\landscape\tree21.bmp,6252,483,126,Nain
gfx\map\landscape\bergsmooth07.bmp,6157,451,127,Torngat
gfx\map\landscape\tree12.bmp,6251,1344,117,Isle Royale
gfx\map\landscape\tree14.bmp,6266,1349,117,Isle Royale
gfx\map\landscape\tree12.bmp,6596,1119,120,Wabana
gfx\map\landscape\tree13.bmp,6616,1124,120,Wabana
gfx\map\landscape\tree13.bmp,6603,1293,120,Wabana
gfx\map\landscape\bergsmooth11.bmp,6374,1197,118,Gander
gfx\map\landscape\tree9.bmp,6525,1253,119,Placentia
gfx\map\landscape\bergsmooth08.bmp,6424,1167,118,Gander
gfx\map\landscape\bergsmooth13.bmp,6392,1180,118,Gander
gfx\map\landscape\tree11.bmp,5792,288,128,Ungava
gfx\map\landscape\tree12.bmp,5790,295,128,Ungava
gfx\map\landscape\tree13.bmp,5806,297,128,Ungava
gfx\map\landscape\tree14.bmp,5824,297,128,Ungava
gfx\map\landscape\tree13.bmp,5609,429,129,Minto
gfx\map\landscape\tree14.bmp,5624,435,129,Minto
gfx\map\landscape\tree15.bmp,5637,424,129,Minto
gfx\map\landscape\tree17.bmp,5437,602,130,Chisasibi
gfx\map\landscape\tree18.bmp,5456,607,130,Chisasibi
gfx\map\landscape\tree20.bmp,5477,619,130,Chisasibi
gfx\map\landscape\tree20.bmp,5632,449,129,Minto
gfx\map\landscape\tree21.bmp,5641,466,129,Minto
gfx\map\landscape\tree23.bmp,5634,483,129,Minto
gfx\map\landscape\tree23.bmp,5651,446,129,Minto
gfx\map\landscape\tree19.bmp,5056,422,136,Nueltin
gfx\map\landscape\tree20.bmp,5070,445,136,Nueltin
gfx\map\landscape\tree21.bmp,5056,456,136,Nueltin
gfx\map\landscape\bergsmooth11.bmp,4900,1961,61,Alleghany
